-- phpMyAdmin SQL Dump
-- version 4.5.1
-- http://www.phpmyadmin.net
--
-- Host: 127.0.0.1
-- Generation Time: Jul 12, 2016 at 04:52 PM
-- Server version: 10.1.13-MariaDB
-- PHP Version: 5.6.21

SET SQL_MODE = "NO_AUTO_VALUE_ON_ZERO";
SET time_zone = "+00:00";


/*!40101 SET @OLD_CHARACTER_SET_CLIENT=@@CHARACTER_SET_CLIENT */;
/*!40101 SET @OLD_CHARACTER_SET_RESULTS=@@CHARACTER_SET_RESULTS */;
/*!40101 SET @OLD_COLLATION_CONNECTION=@@COLLATION_CONNECTION */;
/*!40101 SET NAMES utf8mb4 */;

--
-- Database: `hr`
--

DELIMITER $$
--
-- Procedures
--
CREATE DEFINER=`root`@`localhost` PROCEDURE `proc` (IN `sal` INT)  begin
select * from employees where salary<sal;
end$$

DELIMITER ;

-- --------------------------------------------------------

--
-- Table structure for table `countries`
--

CREATE TABLE `countries` (
  `country_id` char(2) CHARACTER SET latin1 COLLATE latin1_bin NOT NULL,
  `country_name` varchar(40) CHARACTER SET latin1 COLLATE latin1_bin DEFAULT NULL,
  `region_id` decimal(22,0) DEFAULT NULL
) ENGINE=InnoDB DEFAULT CHARSET=latin1;

--
-- Dumping data for table `countries`
--

INSERT INTO `countries` (`country_id`, `country_name`, `region_id`) VALUES
('AR', 'Argentina', '2'),
('AU', 'Australia', '3'),
('BE', 'Belgium', '1'),
('BR', 'Brazil', '2'),
('CA', 'Canada', '2'),
('CH', 'Switzerland', '1'),
('CN', 'China', '3'),
('DE', 'Germany', '1'),
('DK', 'Denmark', '1'),
('EG', 'Egypt', '4'),
('FR', 'France', '1'),
('HK', 'HongKong', '3'),
('IL', 'Israel', '4'),
('IN', 'India', '3'),
('IT', 'Italy', '1'),
('JP', 'Japan', '3'),
('KW', 'Kuwait', '4'),
('MX', 'Mexico', '2'),
('NG', 'Nigeria', '4'),
('NL', 'Netherlands', '1'),
('SG', 'Singapore', '3'),
('UK', 'United Kingdom', '1'),
('US', 'United States of America', '2'),
('ZM', 'Zambia', '4'),
('ZW', 'Zimbabwe', '4');

-- --------------------------------------------------------

--
-- Table structure for table `demo`
--

CREATE TABLE `demo` (
  `employee_id` int(6) NOT NULL,
  `first_name` varchar(20) CHARACTER SET latin1 COLLATE latin1_bin DEFAULT NULL,
  `last_name` varchar(25) CHARACTER SET latin1 COLLATE latin1_bin NOT NULL,
  `email` varchar(25) CHARACTER SET latin1 COLLATE latin1_bin NOT NULL,
  `phone_number` varchar(20) CHARACTER SET latin1 COLLATE latin1_bin DEFAULT NULL,
  `hire_date` datetime NOT NULL,
  `job_id` varchar(10) CHARACTER SET latin1 COLLATE latin1_bin NOT NULL,
  `salary` decimal(8,2) DEFAULT NULL,
  `commission_pct` decimal(2,2) DEFAULT NULL,
  `manager_id` int(6) DEFAULT NULL,
  `department_id` int(4) DEFAULT NULL
) ENGINE=MyISAM DEFAULT CHARSET=latin1;

--
-- Dumping data for table `demo`
--

INSERT INTO `demo` (`employee_id`, `first_name`, `last_name`, `email`, `phone_number`, `hire_date`, `job_id`, `salary`, `commission_pct`, `manager_id`, `department_id`) VALUES
(200, 'Jennifer', 'Whalen', 'JWHALEN', '515.123.4444', '1987-09-17 00:00:00', 'AD_ASST', '4400.00', NULL, 101, 10),
(1234, '_kuldeep', '', '', NULL, '0000-00-00 00:00:00', '', NULL, NULL, NULL, NULL);

-- --------------------------------------------------------

--
-- Table structure for table `departments`
--

CREATE TABLE `departments` (
  `department_id` int(4) NOT NULL,
  `department_name` varchar(30) CHARACTER SET latin1 COLLATE latin1_bin NOT NULL,
  `manager_id` int(6) DEFAULT NULL,
  `location_id` int(4) DEFAULT NULL
) ENGINE=InnoDB DEFAULT CHARSET=latin1;

--
-- Dumping data for table `departments`
--

INSERT INTO `departments` (`department_id`, `department_name`, `manager_id`, `location_id`) VALUES
(10, 'Administration', 200, 1700),
(20, 'Marketing', 201, 1800),
(30, 'Purchasing', 114, 1700),
(40, 'Human Resources', 203, 2400),
(50, 'Shipping', 121, 1500),
(60, 'IT', 103, 1400),
(70, 'Public Relations', 204, 2700),
(80, 'Sales', 145, 2500),
(90, 'Executive', 100, 1700),
(100, 'Finance', 108, 1700),
(110, 'Accounting', 205, 1700),
(120, 'Treasury', NULL, 1700),
(130, 'Corporate Tax', NULL, 1700),
(140, 'Control And Credit', NULL, 1700),
(150, 'Shareholder Services', NULL, 1700),
(160, 'Benefits', NULL, 1700),
(170, 'Manufacturing', NULL, 1700),
(180, 'Construction', NULL, 1700),
(190, 'Contracting', NULL, 1700),
(200, 'Operations', NULL, 1700),
(210, 'IT Support', NULL, 1700),
(220, 'NOC', NULL, 1700),
(230, 'IT Helpdesk', NULL, 1700),
(240, 'Government Sales', NULL, 1700),
(250, 'Retail Sales', NULL, 1700),
(260, 'Recruiting', NULL, 1700),
(270, 'Payroll', NULL, 1700);

-- --------------------------------------------------------

--
-- Table structure for table `empdummy`
--

CREATE TABLE `empdummy` (
  `employee_id` int(6) NOT NULL,
  `first_name` varchar(20) CHARACTER SET latin1 COLLATE latin1_bin DEFAULT NULL,
  `last_name` varchar(25) CHARACTER SET latin1 COLLATE latin1_bin NOT NULL,
  `email` varchar(25) CHARACTER SET latin1 COLLATE latin1_bin NOT NULL,
  `phone_number` varchar(20) CHARACTER SET latin1 COLLATE latin1_bin DEFAULT NULL,
  `hire_date` datetime NOT NULL,
  `job_id` varchar(10) CHARACTER SET latin1 COLLATE latin1_bin NOT NULL,
  `salary` decimal(8,2) DEFAULT NULL,
  `commission_pct` decimal(2,2) DEFAULT NULL,
  `manager_id` int(6) DEFAULT NULL,
  `department_id` int(4) DEFAULT NULL
) ENGINE=MyISAM DEFAULT CHARSET=latin1;

-- --------------------------------------------------------

--
-- Table structure for table `employees`
--

CREATE TABLE `employees` (
  `employee_id` int(6) NOT NULL,
  `first_name` varchar(20) CHARACTER SET latin1 COLLATE latin1_bin DEFAULT NULL,
  `last_name` varchar(25) CHARACTER SET latin1 COLLATE latin1_bin NOT NULL,
  `email` varchar(25) CHARACTER SET latin1 COLLATE latin1_bin NOT NULL,
  `phone_number` varchar(20) CHARACTER SET latin1 COLLATE latin1_bin DEFAULT NULL,
  `hire_date` datetime NOT NULL,
  `job_id` varchar(10) CHARACTER SET latin1 COLLATE latin1_bin NOT NULL,
  `salary` decimal(8,2) DEFAULT NULL,
  `commission_pct` decimal(2,2) DEFAULT NULL,
  `manager_id` int(6) DEFAULT NULL,
  `department_id` int(4) DEFAULT NULL
) ENGINE=InnoDB DEFAULT CHARSET=latin1;

--
-- Dumping data for table `employees`
--

INSERT INTO `employees` (`employee_id`, `first_name`, `last_name`, `email`, `phone_number`, `hire_date`, `job_id`, `salary`, `commission_pct`, `manager_id`, `department_id`) VALUES
(100, 'Steven', 'King', 'SKING', '515.123.4567', '1987-06-17 00:00:00', 'AD_PRES', '24000.00', NULL, NULL, 90),
(101, 'Neena', 'Kochhar', 'NKOCHHAR', '515.123.4568', '1989-09-21 00:00:00', 'AD_VP', '17000.00', NULL, 100, 90),
(102, 'Lex', 'De Haan', 'LDEHAAN', '515.123.4569', '1993-01-13 00:00:00', 'AD_VP', '17000.00', NULL, 100, 90),
(103, 'Alexander', 'Hunold', 'AHUNOLD', '590.423.4567', '1990-01-03 00:00:00', 'IT_PROG', '9000.00', NULL, 102, 60),
(104, 'Bruce', 'Ernst', 'BERNST', '590.423.4568', '1991-05-21 00:00:00', 'IT_PROG', '6000.00', NULL, 103, 60),
(105, 'David', 'Austin', 'DAUSTIN', '590.423.4569', '1997-06-25 00:00:00', 'IT_PROG', '4800.00', NULL, 103, 60),
(106, 'Valli', 'Pataballa', 'VPATABAL', '590.423.4560', '1998-02-05 00:00:00', 'IT_PROG', '4800.00', NULL, 103, 60),
(107, 'Diana', 'Lorentz', 'DLORENTZ', '590.423.5567', '1999-02-07 00:00:00', 'IT_PROG', '4200.00', NULL, 103, 60),
(108, 'Nancy', 'Greenberg', 'NGREENBE', '515.124.4569', '1994-08-17 00:00:00', 'FI_MGR', '12000.00', NULL, 101, 100),
(109, 'Daniel', 'Faviet', 'DFAVIET', '515.124.4169', '1994-08-16 00:00:00', 'FI_ACCOUNT', '9000.00', NULL, 108, 100),
(110, 'John', 'Chen', 'JCHEN', '515.124.4269', '1997-09-28 00:00:00', 'FI_ACCOUNT', '8200.00', NULL, 108, 100),
(111, 'Ismael', 'Sciarra', 'ISCIARRA', '515.124.4369', '1997-09-30 00:00:00', 'FI_ACCOUNT', '7700.00', NULL, 108, 100),
(112, 'Jose Manuel', 'Urman', 'JMURMAN', '515.124.4469', '1998-03-07 00:00:00', 'FI_ACCOUNT', '7800.00', NULL, 108, 100),
(113, 'Luis', 'Popp', 'LPOPP', '515.124.4567', '1999-12-07 00:00:00', 'FI_ACCOUNT', '6900.00', NULL, 108, 100),
(114, 'Den', 'Raphaely', 'DRAPHEAL', '515.127.4561', '1994-12-07 00:00:00', 'PU_MAN', '11000.00', NULL, 100, 30),
(115, 'Alexander', 'Khoo', 'AKHOO', '515.127.4562', '1995-05-18 00:00:00', 'PU_CLERK', '3100.00', NULL, 114, 30),
(116, 'Shelli', 'Baida', 'SBAIDA', '515.127.4563', '1997-12-24 00:00:00', 'PU_CLERK', '2900.00', NULL, 114, 30),
(117, 'Sigal', 'Tobias', 'STOBIAS', '515.127.4564', '1997-07-24 00:00:00', 'PU_CLERK', '2800.00', NULL, 114, 30),
(118, 'Guy', 'Himuro', 'GHIMURO', '515.127.4565', '1998-11-15 00:00:00', 'PU_CLERK', '2600.00', NULL, 114, 30),
(119, 'Karen', 'Colmenares', 'KCOLMENA', '515.127.4566', '1999-08-10 00:00:00', 'PU_CLERK', '2500.00', NULL, 114, 30),
(120, 'Matthew', 'Weiss', 'MWEISS', '650.123.1234', '1996-07-18 00:00:00', 'ST_MAN', '8000.00', NULL, 100, 50),
(121, 'Adam', 'Fripp', 'AFRIPP', '650.123.2234', '1997-04-10 00:00:00', 'ST_MAN', '8200.00', NULL, 100, 50),
(122, 'Payam', 'Kaufling', 'PKAUFLIN', '650.123.3234', '1995-05-01 00:00:00', 'ST_MAN', '7900.00', NULL, 100, 50),
(123, 'Shanta', 'Vollman', 'SVOLLMAN', '650.123.4234', '1997-10-10 00:00:00', 'ST_MAN', '6500.00', NULL, 100, 50),
(124, 'Kevin', 'Mourgos', 'KMOURGOS', '650.123.5234', '1999-11-16 00:00:00', 'ST_MAN', '5800.00', NULL, 100, 50),
(125, 'Julia', 'Nayer', 'JNAYER', '650.124.1214', '1997-07-16 00:00:00', 'ST_CLERK', '3200.00', NULL, 120, 50),
(126, 'Irene', 'Mikkilineni', 'IMIKKILI', '650.124.1224', '1998-09-28 00:00:00', 'ST_CLERK', '2700.00', NULL, 120, 50),
(127, 'James', 'Landry', 'JLANDRY', '650.124.1334', '1999-01-14 00:00:00', 'ST_CLERK', '2400.00', NULL, 120, 50),
(128, 'Steven', 'Markle', 'SMARKLE', '650.124.1434', '2000-03-08 00:00:00', 'ST_CLERK', '2200.00', NULL, 120, 50),
(129, 'Laura', 'Bissot', 'LBISSOT', '650.124.5234', '1997-08-20 00:00:00', 'ST_CLERK', '3300.00', NULL, 121, 50),
(130, 'Mozhe', 'Atkinson', 'MATKINSO', '650.124.6234', '1997-10-30 00:00:00', 'ST_CLERK', '2800.00', NULL, 121, 50),
(131, 'James', 'Marlow', 'JAMRLOW', '650.124.7234', '1997-02-16 00:00:00', 'ST_CLERK', '2500.00', NULL, 121, 50),
(132, 'TJ', 'Olson', 'TJOLSON', '650.124.8234', '1999-04-10 00:00:00', 'ST_CLERK', '2100.00', NULL, 121, 50),
(133, 'Jason', 'Mallin', 'JMALLIN', '650.127.1934', '1996-06-14 00:00:00', 'ST_CLERK', '3300.00', NULL, 122, 50),
(134, 'Michael', 'Rogers', 'MROGERS', '650.127.1834', '1998-08-26 00:00:00', 'ST_CLERK', '2900.00', NULL, 122, 50),
(135, 'Ki', 'Gee', 'KGEE', '650.127.1734', '1999-12-12 00:00:00', 'ST_CLERK', '2400.00', NULL, 122, 50),
(136, 'Hazel', 'Philtanker', 'HPHILTAN', '650.127.1634', '2000-02-06 00:00:00', 'ST_CLERK', '2200.00', NULL, 122, 50),
(137, 'Renske', 'Ladwig', 'RLADWIG', '650.121.1234', '1995-07-14 00:00:00', 'ST_CLERK', '3600.00', NULL, 123, 50),
(138, 'Stephen', 'Stiles', 'SSTILES', '650.121.2034', '1997-10-26 00:00:00', 'ST_CLERK', '3200.00', NULL, 123, 50),
(139, 'John', 'Seo', 'JSEO', '650.121.2019', '1998-02-12 00:00:00', 'ST_CLERK', '2700.00', NULL, 123, 50),
(140, 'Joshua', 'Patel', 'JPATEL', '650.121.1834', '1998-04-06 00:00:00', 'ST_CLERK', '2500.00', NULL, 123, 50),
(141, 'Trenna', 'Rajs', 'TRAJS', '650.121.8009', '1995-10-17 00:00:00', 'ST_CLERK', '3500.00', NULL, 124, 50),
(142, 'Curtis', 'Davies', 'CDAVIES', '650.121.2994', '1997-01-29 00:00:00', 'ST_CLERK', '3100.00', NULL, 124, 50),
(143, 'Randall', 'Matos', 'RMATOS', '650.121.2874', '1998-03-15 00:00:00', 'ST_CLERK', '2600.00', NULL, 124, 50),
(144, 'Peter', 'Vargas', 'PVARGAS', '650.121.2004', '1998-07-09 00:00:00', 'ST_CLERK', '2500.00', NULL, 124, 50),
(145, 'John', 'Russell', 'JRUSSEL', '011.44.1344.429268', '1996-10-01 00:00:00', 'SA_MAN', '14000.00', '0.40', 100, 80),
(146, 'Karen', 'Partners', 'KPARTNER', '011.44.1344.467268', '1997-01-05 00:00:00', 'SA_MAN', '13500.00', '0.30', 100, 80),
(147, 'Alberto', 'Errazuriz', 'AERRAZUR', '011.44.1344.429278', '1997-03-10 00:00:00', 'SA_MAN', '12000.00', '0.30', 100, 80),
(148, 'Gerald', 'Cambrault', 'GCAMBRAU', '011.44.1344.619268', '1999-10-15 00:00:00', 'SA_MAN', '11000.00', '0.30', 100, 80),
(149, 'Eleni', 'Zlotkey', 'EZLOTKEY', '011.44.1344.429018', '2000-01-29 00:00:00', 'SA_MAN', '10500.00', '0.20', 100, 80),
(150, 'Peter', 'Tucker', 'PTUCKER', '011.44.1344.129268', '1997-01-30 00:00:00', 'SA_REP', '10000.00', '0.30', 145, 80),
(151, 'David', 'Bernstein', 'DBERNSTE', '011.44.1344.345268', '1997-03-24 00:00:00', 'SA_REP', '9500.00', '0.25', 145, 80),
(152, 'Peter', 'Hall', 'PHALL', '011.44.1344.478968', '1997-08-20 00:00:00', 'SA_REP', '9000.00', '0.25', 145, 80),
(153, 'Christopher', 'Olsen', 'COLSEN', '011.44.1344.498718', '1998-03-30 00:00:00', 'SA_REP', '8000.00', '0.20', 145, 80),
(154, 'Nanette', 'Cambrault', 'NCAMBRAU', '011.44.1344.987668', '1998-12-09 00:00:00', 'SA_REP', '7500.00', '0.20', 145, 80),
(155, 'Oliver', 'Tuvault', 'OTUVAULT', '011.44.1344.486508', '1999-11-23 00:00:00', 'SA_REP', '7000.00', '0.15', 145, 80),
(156, 'Janette', 'King', 'JKING', '011.44.1345.429268', '1996-01-30 00:00:00', 'SA_REP', '10000.00', '0.35', 146, 80),
(157, 'Patrick', 'Sully', 'PSULLY', '011.44.1345.929268', '1996-03-04 00:00:00', 'SA_REP', '9500.00', '0.35', 146, 80),
(158, 'Allan', 'McEwen', 'AMCEWEN', '011.44.1345.829268', '1996-08-01 00:00:00', 'SA_REP', '9000.00', '0.35', 146, 80),
(159, 'Lindsey', 'Smith', 'LSMITH', '011.44.1345.729268', '1997-03-10 00:00:00', 'SA_REP', '8000.00', '0.30', 146, 80),
(160, 'Louise', 'Doran', 'LDORAN', '011.44.1345.629268', '1997-12-15 00:00:00', 'SA_REP', '7500.00', '0.30', 146, 80),
(161, 'Sarath', 'Sewall', 'SSEWALL', '011.44.1345.529268', '1998-11-03 00:00:00', 'SA_REP', '7000.00', '0.25', 146, 80),
(162, 'Clara', 'Vishney', 'CVISHNEY', '011.44.1346.129268', '1997-11-11 00:00:00', 'SA_REP', '10500.00', '0.25', 147, 80),
(163, 'Danielle', 'Greene', 'DGREENE', '011.44.1346.229268', '1999-03-19 00:00:00', 'SA_REP', '9500.00', '0.15', 147, 80),
(164, 'Mattea', 'Marvins', 'MMARVINS', '011.44.1346.329268', '2000-01-24 00:00:00', 'SA_REP', '7200.00', '0.10', 147, 80),
(165, 'David', 'Lee', 'DLEE', '011.44.1346.529268', '2000-02-23 00:00:00', 'SA_REP', '6800.00', '0.10', 147, 80),
(166, 'Sundar', 'Ande', 'SANDE', '011.44.1346.629268', '2000-03-24 00:00:00', 'SA_REP', '6400.00', '0.10', 147, 80),
(167, 'Amit', 'Banda', 'ABANDA', '011.44.1346.729268', '2000-04-21 00:00:00', 'SA_REP', '6200.00', '0.10', 147, 80),
(168, 'Lisa', 'Ozer', 'LOZER', '011.44.1343.929268', '1997-03-11 00:00:00', 'SA_REP', '11500.00', '0.25', 148, 80),
(169, 'Harrison', 'Bloom', 'HBLOOM', '011.44.1343.829268', '1998-03-23 00:00:00', 'SA_REP', '10000.00', '0.20', 148, 80),
(170, 'Tayler', 'Fox', 'TFOX', '011.44.1343.729268', '1998-01-24 00:00:00', 'SA_REP', '9600.00', '0.20', 148, 80),
(171, 'William', 'Smith', 'WSMITH', '011.44.1343.629268', '1999-02-23 00:00:00', 'SA_REP', '7400.00', '0.15', 148, 80),
(172, 'Elizabeth', 'Bates', 'EBATES', '011.44.1343.529268', '1999-03-24 00:00:00', 'SA_REP', '7300.00', '0.15', 148, 80),
(173, 'Sundita', 'Kumar', 'SKUMAR', '011.44.1343.329268', '2000-04-21 00:00:00', 'SA_REP', '6100.00', '0.10', 148, 80),
(174, 'Ellen', 'Abel', 'EABEL', '011.44.1644.429267', '1996-05-11 00:00:00', 'SA_REP', '11000.00', '0.30', 149, 80),
(175, 'Alyssa', 'Hutton', 'AHUTTON', '011.44.1644.429266', '1997-03-19 00:00:00', 'SA_REP', '8800.00', '0.25', 149, 80),
(176, 'Jonathon', 'Taylor', 'JTAYLOR', '011.44.1644.429265', '1998-03-24 00:00:00', 'SA_REP', '8600.00', '0.20', 149, 80),
(177, 'Jack', 'Livingston', 'JLIVINGS', '011.44.1644.429264', '1998-04-23 00:00:00', 'SA_REP', '8400.00', '0.20', 149, 80),
(178, 'Kimberely', 'Grant', 'KGRANT', '011.44.1644.429263', '1999-05-24 00:00:00', 'SA_REP', '7000.00', '0.15', 149, NULL),
(179, 'Charles', 'Johnson', 'CJOHNSON', '011.44.1644.429262', '2000-01-04 00:00:00', 'SA_REP', '6200.00', '0.10', 149, 80),
(180, 'Winston', 'Taylor', 'WTAYLOR', '650.507.9876', '1998-01-24 00:00:00', 'SH_CLERK', '3200.00', NULL, 120, 50),
(181, 'Jean', 'Fleaur', 'JFLEAUR', '650.507.9877', '1998-02-23 00:00:00', 'SH_CLERK', '3100.00', NULL, 120, 50),
(182, 'Martha', 'Sullivan', 'MSULLIVA', '650.507.9878', '1999-06-21 00:00:00', 'SH_CLERK', '2500.00', NULL, 120, 50),
(183, 'Girard', 'Geoni', 'GGEONI', '650.507.9879', '2000-02-03 00:00:00', 'SH_CLERK', '2800.00', NULL, 120, 50),
(184, 'Nandita', 'Sarchand', 'NSARCHAN', '650.509.1876', '1996-01-27 00:00:00', 'SH_CLERK', '4200.00', NULL, 121, 50),
(185, 'Alexis', 'Bull', 'ABULL', '650.509.2876', '1997-02-20 00:00:00', 'SH_CLERK', '4100.00', NULL, 121, 50),
(186, 'Julia', 'Dellinger', 'JDELLING', '650.509.3876', '1998-06-24 00:00:00', 'SH_CLERK', '3400.00', NULL, 121, 50),
(187, 'Anthony', 'Cabrio', 'ACABRIO', '650.509.4876', '1999-02-07 00:00:00', 'SH_CLERK', '3000.00', NULL, 121, 50),
(188, 'Kelly', 'Chung', 'KCHUNG', '650.505.1876', '1997-06-14 00:00:00', 'SH_CLERK', '3800.00', NULL, 122, 50),
(189, 'Jennifer', 'Dilly', 'JDILLY', '650.505.2876', '1997-08-13 00:00:00', 'SH_CLERK', '3600.00', NULL, 122, 50),
(190, 'Timothy', 'Gates', 'TGATES', '650.505.3876', '1998-07-11 00:00:00', 'SH_CLERK', '2900.00', NULL, 122, 50),
(191, 'Randall', 'Perkins', 'RPERKINS', '650.505.4876', '1999-12-19 00:00:00', 'SH_CLERK', '2500.00', NULL, 122, 50),
(192, 'Sarah', 'Bell', 'SBELL', '650.501.1876', '1996-02-04 00:00:00', 'SH_CLERK', '4000.00', NULL, 123, 50),
(193, 'Britney', 'Everett', 'BEVERETT', '650.501.2876', '1997-03-03 00:00:00', 'SH_CLERK', '3900.00', NULL, 123, 50),
(194, 'Samuel', 'McCain', 'SMCCAIN', '650.501.3876', '1998-07-01 00:00:00', 'SH_CLERK', '3200.00', NULL, 123, 50),
(195, 'Vance', 'Jones', 'VJONES', '650.501.4876', '1999-03-17 00:00:00', 'SH_CLERK', '2800.00', NULL, 123, 50),
(196, 'Alana', 'Walsh', 'AWALSH', '650.507.9811', '1998-04-24 00:00:00', 'SH_CLERK', '3100.00', NULL, 124, 50),
(197, 'Kevin', 'Feeney', 'KFEENEY', '650.507.9822', '1998-05-23 00:00:00', 'SH_CLERK', '3000.00', NULL, 124, 50),
(198, 'Donald', 'OConnell', 'DOCONNEL', '650.507.9833', '1999-06-21 00:00:00', 'SH_CLERK', '2600.00', NULL, 124, 50),
(199, 'Douglas', 'Grant', 'DGRANT', '650.507.9844', '2000-01-13 00:00:00', 'SH_CLERK', '2600.00', NULL, 124, 50),
(200, 'Jennifer', 'Whalen', 'JWHALEN', '515.123.4444', '1987-09-17 00:00:00', 'AD_ASST', '4400.00', NULL, 101, 10),
(201, 'Michael', 'Hartstein', 'MHARTSTE', '515.123.5555', '1996-02-17 00:00:00', 'MK_MAN', '13000.00', NULL, 100, 20),
(202, 'Pat', 'Fay', 'PFAY', '603.123.6666', '1997-08-17 00:00:00', 'MK_REP', '6000.00', NULL, 201, 20),
(203, 'Susan', 'Mavris', 'SMAVRIS', '515.123.7777', '1994-06-07 00:00:00', 'HR_REP', '6500.00', NULL, 101, 40),
(204, 'Hermann', 'Baer', 'HBAER', '515.123.8888', '1994-06-07 00:00:00', 'PR_REP', '10000.00', NULL, 101, 70),
(205, 'Shelley', 'Higgins', 'SHIGGINS', '515.123.8080', '1994-06-07 00:00:00', 'AC_MGR', '12000.00', NULL, 101, 110),
(206, 'William', 'Gietz', 'WGIETZ', '515.123.8181', '1994-06-07 00:00:00', 'AC_ACCOUNT', '8300.00', NULL, 205, 110),
(301, 'Smith', 'Chen', 'chen@hotmail.com', '1234567898', '1989-06-17 00:00:00', 'IT_PROG', '15000.00', '0.01', 100, 90),
(302, '_Paul', 'Jones', 'JONES', '9282728122', '1993-02-12 00:00:00', 'IT_PROG', '20000.00', '0.20', 100, 110),
(303, 'Pa%ul', 'Jones', 'JONES@GMAIL', '9282728122', '1993-02-12 00:00:00', 'IT_PROG', '20000.00', '0.20', 100, 110);

-- --------------------------------------------------------

--
-- Table structure for table `image`
--

CREATE TABLE `image` (
  `i1` longblob,
  `i2` longblob
) ENGINE=MyISAM DEFAULT CHARSET=latin1;

--
-- Dumping data for table `image`
--

INSERT INTO `image` (`i1`, `i2`) VALUES
('', ''),
(0xffd8ffe000104a46494600010101006000600000ffdb0043000201010201010202020202020202030503030303030604040305070607070706070708090b0908080a0807070a0d0a0a0b0c0c0c0c07090e0f0d0c0e0b0c0c0cffdb004301020202030303060303060c0807080c0c0c0c0c0c0c0c0c0c0c0c0c0c0c0c0c0c0c0c0c0c0c0c0c0c0c0c0c0c0c0c0c0c0c0c0c0c0c0c0c0c0c0c0c0c0c0c0c0cffc00011080099007c03012200021101031101ffc4001f0000010501010101010100000000000000000102030405060708090a0bffc400b5100002010303020403050504040000017d01020300041105122131410613516107227114328191a1082342b1c11552d1f02433627282090a161718191a25262728292a3435363738393a434445464748494a535455565758595a636465666768696a737475767778797a838485868788898a92939495969798999aa2a3a4a5a6a7a8a9aab2b3b4b5b6b7b8b9bac2c3c4c5c6c7c8c9cad2d3d4d5d6d7d8d9dae1e2e3e4e5e6e7e8e9eaf1f2f3f4f5f6f7f8f9faffc4001f0100030101010101010101010000000000000102030405060708090a0bffc400b51100020102040403040705040400010277000102031104052131061241510761711322328108144291a1b1c109233352f0156272d10a162434e125f11718191a262728292a35363738393a434445464748494a535455565758595a636465666768696a737475767778797a82838485868788898a92939495969798999aa2a3a4a5a6a7a8a9aab2b3b4b5b6b7b8b9bac2c3c4c5c6c7c8c9cad2d3d4d5d6d7d8d9dae2e3e4e5e6e7e8e9eaf2f3f4f5f6f7f8f9faffda000c03010002110311003f00fd04bb6293b47cb29fbbbf9a4b3bb48f5589130aebcb10381f5f6a9670239d9d619153f877fdeacdd56f52c14cca0c4ca32edd30bdc9f6af868ad4ecb1d969b25cea376e52049e3405e628c215083a9c9ab2df1df48f04daccb15889217e1a48e7133a11fee8afcf5fdb3ffe0a6cbf0dfc71fd87a469baeead6162a5256b190c505e390320cabce14e415e95f1bf8fbfe0a9be28b35bc7b0b5bdd12ee776d886f19c42b9e38239e2bd1c3e09cb545b85d1fafdfb4bfedcfa17823c0330d2efa482eeeb6acc9312a06e38cf41d335f3cc1ff05717f823a6dde81a37f62497da64c631aade2999668871bca020b13ea0d7e4dfc40fdbbbc59f11e0f2b58d4e6ba8f3f3a9500c9e9c8e6bcd357f8bf7fa95dc93cf35cb7983840d961cf4f715ea53c3492b32e34a296a7ea4fc67ff0082cec91eb26fa1bb5d72edb0cf2b48c968edfdd111e47e7581a67fc174a6bebb863bef0ce837719237a5acbf65318f5cb6735f9aa9ac8d5cc3757a0a45b81102fb773e954753d7ac64bb68e0b092e64ce781b113df23ad53c1529692dc7caada23f6bfe1bffc146be13fc49b3892eb5d5d0b519d80582662ca49edbf0057bce896835ab1b6d42c5fedb6722abc72c43e4753d0e7a57f3a4f797af2a95f3226420a18e42db6bd4fe157ede3f187e105e5b41a6f8d7581a7da602dadc4a5e1da3f879cf15c55b297f61984e9c4fde6d4b4f3a85c2618a1236ec27247d0f6ae96cfc3cb6cd6ad724b436e01c0428d27fb3b8d7e6e7eca5ff05afb6d70dbe97e3ed38c73b3aaa5fda32be7dcae1457e99fc3bf1b43e2cd3ecf55d2ee6d2f5278d5a1958acd1c8a46721791d2bcda987a949ea42a2ec775a66a3a6a467528bc35690ac6996737b1ee940ea366335047f14344d37508e4b6f0ecb771dc8cb865da179c11d39a75e7c4db9b7b5675d2ec7749c6ff00b1a12a718ce315867c5fa96afa516b8b9d3638f71da8b0a4732fd140ad1548b8dba994d58d7d4bc73e1b9037d8ed63d26597afeefe7fa74154c5ee9e146ebfd4e72467722b6dfa74ed596342b9bed2ff00b42311a82e12469a205f07f8b07a6315b36ff0dae66b78e4b2bdb69209143063315249ebc7d6a5bb91cd63275749e650f2caa045c6dc726bc63f6c66d42d7e0aea57ba6dcc36973a7a9b87795f00c614e47bf6e2bd47c4bad0370f2aa93120c05dc589af89bfe0b1daccb2fecc5637f67a94d6f241a8aa490c6fb0c8a55b8383c8e2a68439a691dae5ef58f84bc79fb5c3780639f52d2e113f89afa4713dddc20643cfcbb17a631d722be76f1e6bfa8f8b6f1f5cd59c4d79a9bb493e1428624f4503a564c4d71e28f133cb7b3bcb14796507eec6bdebd3ff00669fd9a35bfda17c70aa4bc5a0f9db5dca10bb14f623e95f4916a9451d30a6e6f962701e03f08de78e3503676900746201428738ed83ed5f4f7833fe09a77be2ed2ade6bfb430cfb0323a49c3f1debee1fd9e3f64af0afc30d01218b4bb5964403f7ce9967e3af35ed36ba1dada5ba88608a310f00018acea632eac91dd47016779b3f3d349ff8257d9cd00172ee97257695de718fcaaf788ffe09496172aa21924846c2a42c9d4f6ed5fa0325a432b8263196ee6aa6b1a48b780941d7ad79f3af3bee7a31c3d2b688fca6f881ff0004bff18785c79da45cdb487277233925876ed5e15e3cf869e24f87f25cdb6afa73c525b9218e32adf957ed74da725c13e62211efd6b82f883f09b41f16412a5ee9f673eec83bd0126ae9e2dc7e2d4c6ae5f196a8fc565b9890868d5a363f7e324819f515f65ffc1347fe0a2de2afd99fc65069325dfdb340ba051ada75deabd3907a8381eb5bbfb4dffc13ab4ff11bcb79e1c16fa74c80b3468a70c7f0af8c6f74cd5fe1b788e4b1bf335bc96d2603a92bd0e322ba9ca3591e755a2e9e8cfe93fe14fc59d3be317c3783c5ba05c5dc56f2a912248a374320eaa474f7fc6a8788758beba93ed2f2f98d21c33600ddf80afce5ff00824bff00c14574ff00863aa2780fc5f7f7f7569e27b954b4904be65b4333808acec4f18c735fa8f27c1cb8f1386f26e2dad9214df946ddbfb83f957875a9724cf2ab41bd510f8018eacc20288cb16189918e07e55e896de17730298aea108790067fc2bcb74b4b7f02def9175a8ccab3718b28c4cee47620915ea5e1f9b4fb8d221758f5260cbd5c1463f500f14a299c15343c62f751992de674c031a92e4f3b063b7a9afcaeff0082d17ed59e15f89f7fa2f84bc24c6e65d39e43ab31478d0c871b31bb073f7bb57ea2a5d6189603032d81d4607ad7e0c7fc1417e2bbf8dbf6abf146ab2410dbcf713053047f762d9c023ebd6baf2e85e773be9abab9c2f85be1acbaac96b649b97ed0e04986ec7a57ea37eca5e06d3bc03f09f48d3ed22453142bbfd598f524d7e607c1df88460d7adde77508846327a735fa33fb36f8ea5d77c33653aae2271b54e7838e2bbf1eeda23dbc0ad798fa7bc3ba935b46370385185c76addb7d4e248be61827b7ad729e142f71681a460b9c62bacd3d6ca2e6675c815c908bb1ea29aea4a97ab70bf28208ed506a73bbdb1383b7157edb55d31d4f953c0d8383861c51ac6ab63158ee3244113e63cf6aa71b949db6386d4a4b88e37688e1c76c5719aa5ece5e4694b75e78aedf54f8ede0dd2e095eeb51b3800e0e5c75af31f10fed51f0f6eae258e3d7f4d2d92306602a3d8b65caaa4b5286bdab25bc32090e59972b9f4af86ff6ebf0d5b46ed7c96e092d86607f88e6beb6d4be2a7863c557cd15a6b9a734ac4844132907d85786fed65f072e3c69e07bb96c84a2eedcef2a064381d702a28ce54aaf2b3971295487323e2df0178c6ebc1badd9cf6e7135b4ab2267a021b22bfa3cff00827a7ed247f6bdfd933c35e35d4ed9d754785acafdadb0abe6a31550067fb816bf9b04b09cdcb5abc3ba4f336ee53860738afe813fe0835e1dd53e1bfec1b69a0ea1a4c82e751ba97521393b4a2fdd00fe55d38f8292523e76acd463a9ebbf12605b09d243a68f2f79fde163bb1f81aed7c13e2bf33c336be4ebbaa58c6170212911d9f98271f5ae9fc4d64d7da21b71676c62e8647501b9ee0d794788e45d3755780d9c4fe500bba28fe53c7f3f5af2e33e5dcf3aac14b53cdee753ba4bfd924cd111c151db35f8f7ff000577fd8f757f821f1e26f155ac38f0a78aa4ff0044999b38650370f6249afd8cd1bc3fa05c69b2dd6a1e266b3d4377c9646cde5673d86f1c0cd78b7ededf107c0da8f8223f85be2a16c2f35589dec2eb50b732adacd8015a3e3e43f375cd7560ea724cebc251a95a6a313f163e0b7806f7c7fe37b3d2ecc37ef6451239e0aa6704fd6bf47b47f1368bfb30fc3eb28af0bbbd95be21802976b97c77f4e7e95e13fb0efc1397c1dfb45eb7637aab31d2e0912372011280c36c8a7a7239fc6bdf7e3c7812eb51d40ceb6b712c6ab9401370ce3bd74e26b294b53e870b879416a790f8d3fe0a5ff102de7c699a6dbdb599cf97ba2194fd727f1af27f14fedeff00193c557619f549ec2dc9ff0096310507f4aeeae34fd43c3bae9b993c34356b96c88fed6a05b5b81d0b291f3e7d88c62b99d1f59f1b7c43f17fd8bc4da7681e1ad106e66b9b68830c0fba0206cf271cd690a91e537587f7ae769fb3cfed65e2637d1dbeb3ab5c4a676ee4f249afa4756f8c5aca786a5133cbe5f964efc1e463d6be78f867f006dfc485e692e099ada4cc32429849707838ed5f69ebff000cbfb47e03a03162610b066da3d3d2b96a546dfba76469e87e78fc5cf1c5d78b679e1b7b8b98e247c9c31193ebf5ae27c3bfb39eb1e279bed497526d6f9c837080e3d79afa33e207ece7045a20685af16e5d8990a274f65e3835e53e3bfd9b6cbc4facc37515f6b7a779688935a796ccb7054004e400327193f5ad28d5696a63570dccccfd3be1947e13bd8e29e59e1ba6e55965dc3ea08e01afa53e093c9ace84fa75eddcb7ed8203cc72c1718c13debc87c19f02e49ef2129757f059c6a221060ed24773ef5f45fc39f86127846d52e238dccaa31923afd6b8eb4e4e46f0a118687c6bf15be0fe9fe12fda8db4f92210e9ed3c7705173c2704f4fc6bf723fe09c7f17b49f8a9fb3941a9e871c5a4c3a74e74e96dd83052c003bb6f271823ad7e607c73f065ad8fed07e1ad5eee05f2af604b6958818dde61fd715f687fc12ff591e17fda0756f0fdd4cb0e89a9d99731ab6d02538019474ce00a1d56f491e662f2c854a1392dd1f6a78dbc4b3de054b4b8b3df0fdf49a3754cf6ed5e67aef8fbc5516a722c1068a635e01485483f89e6bd4eda7bb9fc533e9b7922eafa642b882e258899083d466a49bf673f086ab2b5c0d52eed4ca72d179ea363771d3d6b2ab28dcf94845c959f43e7ff000dfc0fbcf1e5a4baa5add410846ef92dc0e98e83eb5f22fed6ff000b0fc46fda624935780ac3a2289235b82598e00c9e6bef7f873f1d9bc17a7ffc22ad2d9dc1726581f68c963d1411d4d7ce9fb4bc371ad7c4d7d5f59b7fb35d6a68d13b942aac06074ad9475e63dae1eaea15ecd1f1b7c1fbcd334efda7fc502d15d563811087e992074f415f55f87341b6d7b4dc3ac6ccc9c6ee40c8fd6be62f127c31b8f857f14a7d66088a2eacccbb95c3095723040ea38f5af7ef877e2c54d22de479300a8dd81d0d137767d2ce3efb5119e2cfd9b74ef134052e21dc87382094c1f518ae26c7f61ed15b511b6092e66ec6476da07d33cd7b743f106c228d434ccc3b8c54937c54d2b46b56943e231c74f9b35ac76b1ac636471761f0874af87fa6416b15a4092eec90230326bd46f34566f858f1b45b59a33818f6f4af22d6bf68bf03787b5c3aa78cbc4f67a315212de19b238ecdc0fe75d55efed7fe0cd57c2ed2586b56b7d69221db344c19318f5e947b36f51732b9c3693a4db9ba36da8a441c9c0f3005cfff005eafdd7ecff61a986b88122d8792b8ddf957947893f6cff84dacead3e9371aedcc9a9a9dd14915bb98c37a6edb835a9e0cfda5ae34b8fef34da74c42c571b721876cfa566e3246deebea7a0e8ff07b4ff0e3b19a28a55277e0a636d54f146b56f671948e3f2977718e38ac9d57e3845abc398e504b75c0ae0bc51e3f8eee6122b31684f5c719f7ae79cf52251695cadf1b5edb5dbbd1a3f2ccf345729247b793d7b57b4fc0966b4f8d9a53d9ccf6b2dd2c76ad222e48c9ebf5af0fd0aed758d721b9607ed0186cc745e6be99fd9af471ac7c4cb148ed6492ead0adc39db931a03d4e29a8a6eece4a924a8ca2dee7db1f01f5497c1baf4967ab6a514b63b7fd76a0046339fe163927e95dc7897e0d683e2ed625d42cfc4168905c61808ae8edcf7c60d783f8ef5d97579628adb4e5bc2ad867219562f766c8502bd5be1ffc10824f08d9492eac864993cc6105c2346a4f3b41f6a52b33e31c5f3348e8fc0ff0c7c0d6f6d6577a5f87e238e524b8884b24473dc9ce0d7947fc144fc0f651e87a0ea6ba6da225bbbc0658f924be080c318ed5ed1f06a681bc19671dbbc92c0013090ca49193f7bf1ad6f10e8969abc37769aa2c973a7ddaf952432aa95607a81dc7d6b9a15a4b73ae872d2ab747e3a7ed289696d359949a369a507114672d1818fcab91f0878da4d2adc43233f9600c65b38afd1bfda77f602f87b17ecfde319fc25a1ae93ab9cea4cd1cd248f70f1ab0541bc9c67776c57e5d6953b4b0b5bdc0315d5b9d92c6460a30ea2bbe33535a1ef61b15ed363d0a5f8822656547395e9cd5cd2f501a945e75ebecb641bcef6c6eaf3eb31187c97dbbb81ef589f1aeff00c427475d3f428a26bb9580424fcb554e5ef599d539cac745f1ebe12785fe2dcc5aeac60ba708163de720fb57806aff00b2b78b3c3d746db459ee2cb4b6ff0097652db31ec2bb9f0ce91f1a745892dee6fbc33a7a15cace55da42a7b1e08ae8b4bf853f1075480dc49e34d0e42ff7847bfe5fcd6bd156b134684aa6add8f3ff000d7ecd726896eaf7f676eb2a9de0b463271d6bd0edb5fd3f47d0d74d9d1111570464023d0d6178cff67f9f4cb1375abf8caee4bf76c6cb361b71ff00025ae1ec7e0aebbaadf4cd2f88ee2e2ca1f9a1470b938e8090b5cf52c693a1285accf45373269477c3399217e57d854704c6e24689dcb34877f27008aa5a63368ba18b7ba6133af195ed4d8bc41c940157030a715e6b81a4a6f9753dd7f63ff86965f173e2b3e957d1996ca183ce976c863e01c11b97915f69f847c31a5fc1fbc92d346b26b50ae01915ccd3382071e637cc57db35f39ffc1353c3b71a3da5c78955031d4aebfb3e24ef22903919e3ae6bebdf1d787bec3aacb15c24e44601dc0af0719e7159f35b43e6319899b9f2262cb10bfd3ae16e167b98e78cac50dbb15284f7703a8fad75fe05f1ae9be1cf0b5a595f5b1fb440bb4e2531f1db81ed5c4f87c3db5f460a23db8fe3dd8d9ef537897c3f15f6af24bbe22180c16dd9231ed4dcb4ba3cfe468f73f01782a7f0e2cc041069f2cdf7c424301feee2bad8278a2936dd49198d8610c920249af81bfe0939fb7d49f10fe055be83e29be373ac69b78d6a92b0fde79270db98f7c1635f67ebbac5c1b0f3e1bb96675e7cb88214c7a835388c1cf0b53d95546eeb7b4f7ac76897562b71b956296445c3294ca91e95f8fdff000542fd97b5af803f1d358f14e9fa75c49e0cf115c9bb8ef153725acafcbab95e146f240ce335fa6507c5b5b7877a59df5dcf183e722ed0571dce4f4ae57e27ebda3fc7df01eafe08d6f4fdb63e2780db1c8f9a3623e56cf201079ac29d69a7a6c3a18954a76b9f8cda6f8ea146059d496e36e719f715d0695e37860d4a1ba768d8c0711c679ddc5794fed21e0cbcfd9bfe2c7883c2d771cdf63d3ee9a2b591c8667895b0ad91eb585e1ff8bf6caf1062aa807248e6bd58c399291f411aca51b9f42f89bc6136bd68ed6a9979178001386f4af0cf895acf8f346ff8f2b2bab74909dce88dc0fc2bd53e12f8fecb54b64689e2640fc86ea2bb7d7fe27e9b2c2807973231e142f008ae98a9047116d8f967e1ef86fc6de2cbc77bbb9d426b642096b80c00fa66bd423b8baf0d696d1e5d8a8c17ec4d757adfc5fd2e396788491896300b2e001fa578efc52f8d9616f14d224ea76fde503a529d3721cb117ea49ab7890c62669ae177337fabcf4aa96be2349664851c1790e0283935e33ab7c53fed0bc7705cc2e78207cc6bd1ff0067ff000e5df89bc530c8dbb7b2ee03f842fa9f7ae7a941c752a1579e363f4cbf638beb4d33e0b7872cd671e6db484184361c92e4e7ebcd7d17e33d4a532b4f746ee09500f9724a818ef5f959fb4bfc67bbf815e19d19f43be92c350f3932c39263efd78eb47827fe0b21e35f0ddcd85bf892cb49f1269134aa93de3ab2ddc6bd0e0021781ed5ac72e94e3ceb53e5b1af96a58fd1ebbf1314d56291260d6c5bab37cb9ad6bbf8981a6e2eef140006101da3e95f367c3eff00828d7c20f1c6bb1cd06b171a2ca9b5921bd858ba37fc0415afa0345f88fa6f8b74d8f51b5bad36eedee86f494c8abbc7ae323150f0d560ece2727b467e56fec27f1e24f81bf1c346b8963f3ac7c40e9a4dc2b67644aefcb81ea2bf576c3e34ddfc1b606cae27d42ca6c0934e9e7c3420f23639e173f4afc3bd32fe78d8359893ed368e2681c1e636041047bd7e8a7893fe0acfe0ff0000f8634ed52d3c256b77a9ded988755b59a65b91232280ad9607ca6ebd0739f6afb4e25cbfdb56f6b4d0f0b888c63699fa052fc57d27c47e11b6d6eda5b5d26e1a2c5dc17730ca03d9a4380471d6be50fda4ff00e0aa1f0c7e06d85eda26bb1eb7a9dbb30367a7310864cf08b20054f3c715f99bf1abf6e7f1dfc7cd57509df5dbcd27c36b3bc96d616cfe488509e10b2e37e070335f34cdadcfe32f19c92b487ec96726e4527ef37763ef9e6be6a864893bd41e22b53a8d3823ee4f889f1adbf6ee37de26bad1a3d0aead18dac16d1b077310e55d8ff78e4e7e95f34f8cbc13a9784efa45922999013f3e38ae9ff63ff882b67f1126d2669d993571b55c9c2a940491fad7ba78cbc216dabc1224f104e782c2b3c443d8d4e55b1eee09fb4a7667c7f1fc4ad57c25738b5b86213e6db9229751fda635c9206432cabe815ce0d7a7fc50f81d6c65927895231b71b957ad78b7887e1c4d6d20d8eb819ad69d58bdc1c26b4454b8f8bdabdd162b23efce49dc726b38eb575aacf9919e4673b8ae49c9f4ab1a6f82a79e723e670dd941cd7a9fc38f81caf24335d058a33838607268a9520b62a9d09b776657c29f8677de30d4e23e5ba4298dc7190b9afb0fe16f862dbc0fa74314289e6ed1927193c5711e0cd120d26d44761124201c3b01d6ba0f89fe3fb6f845f0fae35aba652c13642bbbe6766e07f3cd79bceeb4b951e838c68c39e4782fedc5f114f883e2dae991489341a6dbac2e777473f367f235e317fe248eca38ede6db8723200e829358d6eebc4fad5cdede38927b890c92393927d07e58ae5fc4375f68d699770644181835f5784a6e9d3513e371751d5aae48f4fd0f5e617ccacfe624b1f0c4e49c5775a2f8967b6d36348f55d4ed500e2382e19117e82be73b7f14de58c8ad1c8723e519f4ae86d7e216a6205ff48ffc74576a499cce325b1ebd1df5cdd4ab23ca6de14e1a187e58feb8f5ae0fe2278d56fe4fb242e0470b6f93fdac7ad67f897e2749a8e9d225bef890a9f9b7618fe15e72ba84e2da599e47737071c9c9adea4da7bdcca145df537bc5be37bbd474c8a0898c56d1f1853806aafc3ab969b55da5db2d9e33c1acabc1b74a8c16e339eb57fc00e20d66dc9c292e07d6b95ddbb9d0ec96877da7dccd657e2581de29addd5d5d4e1860e4f35f75f877c6961f10fc0161a8c463759a2467c7255b1d2be16ba468eec94046e6231eb5eb3fb30fc40bdd1354974c7324d64c0c8235e42741d2bcbccb0fcd0badcf4b29c4d9d99ee1ae5cc1341244761e31cd792f8dbc2304a0c91c50a904e7e5eb5ecda9fc3e93c51686e2c1ca9719c77ae0b5df853ae43388d95dd49e7e535f3d6ec7d4c52679e693a20d299492aaa7d062bb2f0ba49aa5ca471a1c0fe222b7b40f805a9eb92a89212a01eb83f9d7a3681f057fe11bb25548c4970060000e58fb544aedd96e57324ae72d36b1a7f803c3d2de5fdc25ba42370de3990fa0af92be327c61d4be31f8a4cf72e62b48c95b7b75625157b311eb8af4efdb4bc513dbebf6fa1c574ade445e65c6dc10a49fb87d08c7eb5e1f6767b8e4a92c79e95ef65b83508f3cb73e6b35c739be48ec40d1ff0067d9c8402c6304e2b988b4fb996da4b930b842d92715dddad919f2a5460fdecd5e834d55d09d1a3501c91c0af6d26fde3c3e751d133cadc866dca7a9effc356e5bb1090bb87415d6ff00c2b9b717309ce15dc647635cef8c347365e209e286dcf9684018e94ecc7ed06c91c978d0d9c6c1a59a41102074cf7abbad781162bc8acade66609cf1fad3bc23ff00235587fbe3f9d6f5a7fc8caff53fceb498aeca3acfc3682c742818bcbbd873c8ab5e0bf8776d0325d4a5db6025067a115d178b7fe40b6f4ef0a7fc780fa1a8424f72bea036c6ce0fceb8c5749f047c7507c37f893a76a9729e6daeef2ae63c6432371fcf15ceea1f726fad578ffe3d62fa8acebc1599785934d58fd51f00fc2db1f157866db55d1240d6d74a1d39e31dff005ad91f0785dcb89a3c11dc1acbfd80ff00e4d9fc33ff005ca4ff00d0dabd89ff00d757c6d48da7a773ee683f753f23cf93e1943a326154f1c100f5ae57e396b36ff04fe0feb9e2799510da4245a03cb3ccdf2a607a6e2335ec37ff00f1f4dfee1af987fe0aadff00242341ff00ae8dff00a305694209d6d4c711371a4ec7e77f89f58baf1bf892f353be726e6fe5334df5273814db2b2f9f27b1c8f61e95137fc7fc7fefb568e9dd1ffdeafae84128e87c556a8db2686c0345b989071521b22ba5a00723755997fe3dbf0a17fe416bf5ada2ef1398a9a940225887a3735c8788918eaf295076e78aec358ff571fd7fa572fac7fc8424a0b5b1ffd9, 0xffd8ffe000104a46494600010101006000600000ffdb0043000201010201010202020202020202030503030303030604040305070607070706070708090b0908080a0807070a0d0a0a0b0c0c0c0c07090e0f0d0c0e0b0c0c0cffdb004301020202030303060303060c0807080c0c0c0c0c0c0c0c0c0c0c0c0c0c0c0c0c0c0c0c0c0c0c0c0c0c0c0c0c0c0c0c0c0c0c0c0c0c0c0c0c0c0c0c0c0c0c0c0c0cffc00011080099007c03012200021101031101ffc4001f0000010501010101010100000000000000000102030405060708090a0bffc400b5100002010303020403050504040000017d01020300041105122131410613516107227114328191a1082342b1c11552d1f02433627282090a161718191a25262728292a3435363738393a434445464748494a535455565758595a636465666768696a737475767778797a838485868788898a92939495969798999aa2a3a4a5a6a7a8a9aab2b3b4b5b6b7b8b9bac2c3c4c5c6c7c8c9cad2d3d4d5d6d7d8d9dae1e2e3e4e5e6e7e8e9eaf1f2f3f4f5f6f7f8f9faffc4001f0100030101010101010101010000000000000102030405060708090a0bffc400b51100020102040403040705040400010277000102031104052131061241510761711322328108144291a1b1c109233352f0156272d10a162434e125f11718191a262728292a35363738393a434445464748494a535455565758595a636465666768696a737475767778797a82838485868788898a92939495969798999aa2a3a4a5a6a7a8a9aab2b3b4b5b6b7b8b9bac2c3c4c5c6c7c8c9cad2d3d4d5d6d7d8d9dae2e3e4e5e6e7e8e9eaf2f3f4f5f6f7f8f9faffda000c03010002110311003f00f33b05f31a1896224cb2058d0af2ea0ff1803078c7b7d6bd33c11f15edf4fb6d5edefa25315b877b780304d8d9e1339fbbbb1c633c90335e57f0c776b9ac411dc7dae7b899b6db4362a0cd2023e5001c0ce7d781debdb3c27fb38d95fdc594532eabae477055af2793f730c6ccc7e4740bbf2a158e01638e9cf15e561d371b97457ba7ac7ed03abe97f1775a9efbc2be1f5d27c333416f2dbe9f6abc5bf991088bb11d3e7dcfbce4f4ec78fd13fd8ab5d7f1068827bbb196c3508ed7cb7dca76cea6466dc096271bccb81ce086e4e703e59f835f0bec6f3c09fd8f6b67a8787ad3c878eeb6cbbd0b4723a6d2e59c3eccb852d9dc09500afdefa0be2efed35e17fd893f653d4fe22ebf630e9b0e896212d2c6d610925c4acc4476ea32465a42d839f9509cf0a6bd4a546fa9337667d0fe32f1ae8ff0f3419f57d7b52b2d2ec2d14979ee2511a0e9c0c9e589c000649240032715f97bff000535ff0082e3df692c7c35f067581a52c51cab7dab5c69e5a79df181145bc8f246092495f3092a14c641cfe74fc69ff82d27c44fda4bc6baceb1e2dd40c36afe77f62e9511125ae9b1ba796308c480ea0ee2e0659803c055af92fc6bf1bb51f126a9711db4b23dbcd26f612484acafc65b1fdee00cf71f9574ba4a2af21d3d647d11e36f8d0df1385e6afe21b8bcb8d7ae0992eaeeea4376b7b23643348d231e4e721882dd893c11e5da57c43b4d27583e6e90f26932b18ee2e74f215d3d24520ecf438ce0e3b75af286f1ceb37922dbf9d3805b7148c3ef527a918c7041efc55e8758d674e2cf1c975098facb6d23a03ecc99e0d5516946ccdaac64de973f433f673f8812dbe8505ade6a87c49a0deae34ad464536f2d891f7439073e683b79700e46472411f6c7fc13bffe0a496de1df14bf837e25dac1a8ccb3b05d58468d7b818459a42a419632a141c2ee523903e556fc6cf831fb4feafa2e9f369b2e1e3901cdd40812e226fe07214824af3d0e082db95b8aed57e3f5dd87886d6eb53b889b51495dccd08218a138ddb485e9ec795e0f23359fb277bc771f3a69296c7f4ff7be15d2affc26b3d9dcc12dadcc41a1b8f964859186770c70411dc75cd78578a748b5f055c4baedc5c0d52dad8078b09b55c81950140da546491d79c1ed5f9cbfb1effc14fbc4be0fd053c24fe229e5d1e5807d9ed5f648ab1919df0171c6d6cf1d011cafa7b37c75be87f686f0408f5bf196a50787a4314f2dc491bdcc8e0025a358f76e539c1272060704822b7c2d76aea4ce4c4616d66b63bef19f8fb5df89d25c69f656f1693677609f26285164b91cec46230790395248edc62bce3e25e8be1cd506a169a5496f15f6831481fec562d2f95300d943b70198306255496fdd9c1048acd3f10f42f861aae99a4e9f7babdd6a6900fb3cf7929f31d1861540ce17843c7defd2bc17c43f1335df17ebba969f05dddc16f717d20ba9adbf74c8ab2499248e46ed91e4f53b5464e2b1c4e2aeb5d874a85b44784eb3ad45e1e1068a1f69b002d9f6a95236861c823239cf5e718a9b44f10c5a769c91f9b396c92db5c819fc38a97e3c4b22f8c74e92ea6f3ae1908f359cc8db0300abbb927183f9d7156fe20b69a49bed1786da459385c6370201dd8c77cd7cf4da8ea8f427579229b3b6f855abe9be1ef8b3a3da6a7756764ff6c47115bbef55542088c37f78e40cfad7d93f07b5db6f134d0489325c2cae675921b805637660a5494272553e5c67233cf078f89be06fc3917de2d7be3776f7a4dbcb1be222ca492b91f3019e55318eb935f6bfc04bafecbb2bb92ed64fb6ec91edfe5cc79e42292782781f2fb0c822bba8435d0e685b96e7d9ff0003349b6d2bc3fe1e6bc82d62bfb2925b6b9d9379cb3e643e5b3313b7861b89191f3741f2b3fc2dff0007457c78b7f0efc0ff0001fc3a5be4fed8d6b587d7af2de3624b59c30c90a33738c799200bebb5b19c1c7dbdfb3b7c3c826b375bbd9b1224496005776f2bc9da49c636e71d0ee18e95f857ff0005f3f89da9fc48ff008298f8e6c2ea696783c216161a25a2bb16f2228ed63b82833eb2dc4a78eee6bdd95354a95fa9c74dbab5743e5af875e10bbf88de235d3ad416121dd3363011476af67f0ffecb6d69e224644325b82376e5cee6f6ae9bf64ef83b17833c22935d230d4eff0012dc311cc7e883e83f5cd7d1de13f034978e8ca87cb232b91cb57c962f32ab52a3549e88fbccbb2ba34a9af6abde7a9e75e15fd99b4c921433d85bbcd247b47eec64ff009fad55d7bf646b4369245040503ee24609c67d3d7f1f4afa4f41d065b765cc60018e3b1ae96ebc32b791021108c76ef442b4e4b7d4f45d0a7d8fcd5f889fb2aebff0cee3fb4f4f8e76855f24a7503fc4573773aeddf8bb02e6cad21bbb75de6ea38995dc0c06c80719e9c633f31ed803f506e7c03fdaf62f13da24b0b0c10532083ed5e7f69fb0df87affc472dd881a01701bcd854031480f5c823a83cff005af530d889a5696a7879865b45be6a5a7747c41f0d35bb8d1f5682de7babdd2d667592deee1738b66c824839c6d3ebc8ce33919afac7f671fdafadb4cfb4687e26b837cab0986e4db4b88e61d52ea219daae8d8dc87040de31b4835e45f15ff673f10fece9f119c43a44de29f024f382932becb8d3b9e006e9f4e083c0a97c57ac7c3ff1bdeb9f0b6bba369faca69d34d3e9daac31697321542703cd61134a0642889b2cac0212c083d9294672e63c59519538f2c8fa5ff69df1a49e1a95f5fb591c4be5a7f673939511b7961641fde1f2360e7bb719c8ae57e1cfc4486dfe1fdc6ab727326a724f7464738611a2ed538e7bab7e207a5787eb3f172dbc49fb1878784ff68ff849fc35ac2e9f202df2de59ba48f020cffcb44769d89381b57d579f2ff8c9fb57bc5f07b49f0cf869a51792c5341a95e34643c11798ff00ba5c8c65f7b127b29c704f1cb5a9cb9f90e584eda9eb3e04fda3b43f8dfa9ff6a5ac6d35c69d6d1afd9e71f3891db73124f5dbb88dc06095e38e6b5bc5fe1e8ed7570f6167772437312ccce0643b91824641c038e9d076af95bf662d4b51f095ddd5eff67de4fa45e95b62e802a173f2f7196033cede981d33cfd41a67c7a7d2ed7ecd75a1dd48d6e7cb4779847e628e8c067a1ea0fa115c55b969cda5b1a46b464ad50f4dfd90ad25b8b38669fc9c03f68d9e6029e5290a1412d927a0c6339cf07b7de9f0b3e1e695656d1788f55b7834910467ca01cb2deb10bb5829249f98640e7927d2be57fd89be10aeb9afc30c36e62d3e3517978c4e14c4b91cb63ef12e7039ed9f5afb5fc3ba25cfc4fd7f4f1656d2ff006669c4ae179132818e38c2e3b0001383f43f419661b4f692f91e7626b3b7223dcfc356f63e0df87f67771486deef568449e63b12dbf6ee937700aedc1186e063ad7f3c5f1774cb8f8d9ff050df8d7adeaf6f23cf178bf53f3639d143ac8b7b222290a028c08c703818afdd2fdac7583e0ef064a915d5a5bcf6b6ad046b2c8d1b1f30664009017a2c6bc95ce1fbb0cfe397c53fd9ebc6de14fda27e2e5be99a16b925eeadabdb6a11cd6d66f2b982eedc5d79cbb011cf9adc8e849ee2ab396fd8591d59325edd390eb6f89fe18f87175e5ea1770a491807cb0c09cfb8fe95db784bf6c5f0c45751c0751b08f7afc8ace06ded827b57cedaff00ec23e3bf10de91716771a4445badecb147712fe123211dab1aeffe09c5f101655367a078b757588677e99025eafbf1017c7e35f2d1c35251dddfd0fac78baded34b5bd51f7ef87be255a7886d84b6ef1ca8cbfc241c0a4f127c6eb1f08584d25ccc912c639f9bef7381f8e6be6cfd97be0c7c43f00a9d3356d13c5ba742cdf20d4b4ab9b727fddf314647d2b5ff698fd9bbe22f8d275b5d3bc3fe27bcb691796b2d367989f53f2a9c707e9cd79f18d4552dad8f6bdb43d973697f53d0a3ff8298f853c3ba9c701b94ba43804a10d5ea5f0c7f6d5f86ff15af56ccdd8d32ee738591dc08b7671cf4c76e6be03d3ff00e09eda9584dbb5ab75d0c0fbff00dafaf5869728ff00b6771323fe18af60f869fb17e97a25a196c756d16fa73c053e2bd2ae3d380a970493f4af7e9ca0a365193f91f3b5655255359c57ccfaf7e28e896eba4dc59ccab2dbdd2078a5560c8c3a8653d0fd6bf2aff6cbf035cfc35f8a051d1839265b69c2fdf4c9c8c743f43efeb5f7cf81fc17e2df86362ba3ebfa5ebd69e1fbb5c5acf7d693244b27668a571b0823fba4835f3c7fc14dfc1ec3e1d59df4ae65bab3bc45494e3243291827f01f955d0aad54496cc78ba2a587727bad4f9dfe1ef8c6eb55f823e32b595e3db74d6c8249173e4b2cf190e3d0e770c81c7987b561e8be159b5bd624d39aead59da6c7da325e36fef1dc33db1d2adfec8f78e9e35d42cda68e38ee6d595d6640ea4974c601e3767a67be2be9cf0f782ed353b002f34cd1ee626768da496dd0b12a4ee1c8ce1b82003efd856d8ba967a1f3b4e9f32d19c67c2ff053e97e198b4db09a495ed23769228610618b07733e4e5893bb2769006ec638af71f06fc36d26ebc3b04973a7c7712367e792e5d1b19ee011efdba551b5f04c5e056861d02daceded648bcd921b589215b5673ca9503041c0e473cf23ad773aa7c23d46e23b291f5c8ac9a4b489bc99e3490a657b12eb81ed83ce79af3610e6ba3a234e318d99f72f86fe1c597ece5f0dadfc393ea08d338135dcf96db2bf390a08c95c9c76fe78f53fd9c1999eedadee5e2b3857748f03baa4c482c72380428040e3d7eb5e093c5a97c5af1fc7626558c5b3bde4f72d102ab10c0c8cf539e003c723bb57d2969611fc37f87b7d76ea2d6ddd762c618801573b881dc8049c7af4eb5f734e2ad68ec8f9c9dfaee7ca7fb4df8bf59f897f143c41a469fa825acf6fe6b473140de5cc88002723046fc2f43f7493dabe7afdbda0ff008581f116e2f63831796fa3dbdb5f59dc41b1f4dbc8628d244317456666dc1972b22346eace8c8e7d57c3be2d5f11ebbe24be5bbb78ef65b69b538e4059d4b149e7f2c81c8ccae41e4606391dbc4a5fda2fc45fb448d2b54f16359cd786d638dcc16c200c0614310bd490aa327b015f359c6369c21c92de5fd7ea7d4e4996d6aafdbd35eec1a4fd5a6d7e4cf93a6f8597771e15d6e1d52593ed376ca6d8a968bcb218e415c7ce0a9c6370007415e8be06fd9fb4ed2ec0a5ea59497773247f6730c2db2d635fe22db7f79b989c83d9463af1ee5ae782ecaec35c47145bdbe620af00d733e31d42eb4cb1096de41be9b1144c23198c631c641c71ed5f31fda168f2f43e82b642ea4d4efa96ff00660f089b9f8e1ad368f35dd8e97a727f678112b5b19e7491cccc4742a198283ce707d38d6f8e1e179ef7e24eaba05d096f3fb62182eb4f906710bc2245984a71865c3c614641cca48e03664fd9db5bb3f03dd3bcf720ca8bb5c9eae49c96fa93fceba8f8adac5a7c46d562d53c37234977a6b799345c2bc8bb36b0539c918e7eb8ade86221283d753d0a997b54d53e9dcf9f66f8391e8da2eada75d6961ee2f51d62ba0a57ec8dd415551823d4fa1ed58ff06bc1b7de15bcbc11ea5fda505e9082248d8a20190400cddfa73c71d0e6be9ff0df8be2f125aac0f245711a8dac26811d93d472322ba3f0a784f4fb25c2490946e40280fa57461f32a94dda0ec78d53866136e5515ce3fe0ef81f56f01df5b5cf86b54d67c382e8309c69f2bd8b9523e65cc4c3239e9d3dabc63fe0a5be1a907c1cb2d2ee6f1636171184bfbb46fdfcbbe42a27937155251b6070aaa3cb5ddcb3bd7d8d6b35b5b2f991050611b46c18500fff00a857957ed65a4e91f113e1c49a6ea7045343f6eb47746fe251709bc7d0a1606ba9e2bda54e796ecbfecef6343d92d8fcf2fd8cbe09f887c67e27d7d746d0354d6f59b20b14763676ef3cece84c9200880b1da10671c7bd7d35a0b5af87b459efefed937abac8eae984858ed8d95727710ac02f23ae718cd763a35b4fe02f066be3e1b1ff008426c6e268e5d50e8eed6925de594603a10c14614e01c03d00e73e79f163c4f7fe34bbd363ba7134fab8b3f3eedf265b894c9b6591cf3b9c94672c7249dc7b9353f5b556ab8a5d0e7c6e415309848e2e524d395add569746d47afd9ea3653c42e0c0d0e2ea5924263816320e198f7c6d738ce78e2bbbf81dae69fe22f0499ae740827d970e90cde7a234d1614a33075273838edc0031906bc47c5859bc2bad5ac5298822a22876ddb418c3618fa61d73fe456efc35f8a49e0af06d9d94d1dc236cdebba24f993a29e54ff081f91aaa7a1e4547dcfd53fd9fbc1916b5adcf7eab1ad959176321fb85d46101f5009cfa647bd777f1cf5e27e1ddeea2e5dedec347b8bc70ca701d6166e17aa8041c63b0ae93e0f7836d74bf84d15b5ac12c52489e64ad2e3823b9c740464d707fb476b76da67c31f1889103243e1fbc89547cb85685806e78030d96cf418f5afb78ab41b3e6af791f0cfc0cdadadddd8199563d62d26b795895f3543c6ea4e08e8305b239000e46457827c3abe6d0eca1b5b93ba7b78d237e738e057befc0eb2b2790b59992fae0813bb120984207caf5c02c55cffba57ae6be5abe9e5d0b5725ce2eae13cc9c06dc0b0f9770f4c803f1cd7c1710d2bd2a6faebfa1fa070c567175217d2e9fcf53d7dbc5f1adb95186dbd3d0fa5795fc76f14df787fc3f797f04ef6f3a46541da37c60f04ae7232323a8c579f7c5efda513e13b5a46b99af2746748d97a004007f3cd78af8dbe25f8d7e3fdbcdf2c8d65bb76d07620eb85c93ce3f1af1b0396cea25526d28f99efe33368539fb2a69ca5d91d2fc37f8acbe0ab7be45f186b3a84f77299a4fed399a6f280e7f760e718c9ce3afe02ba3f8057dac5dfc619754f0e789f5ed4ee6f4e64b4bed44476cc1ba95463f779e028c8c5792f87fe03eb325b5e34979a5c1be0313472b3efc7072bb54f3c62b57c31e06f11f827588ef6c6ea369a341b645253181d39f702bdb8e0f0f7694b7febb1e52c5e362a3274b45fd773f47bc1de03bed2fc3c974b224da863cc942642313d403edebdeb4acbc5335800251b1d4e0e4d7c61e18fdbabc5fe09b982def640c6d4a2b2b8c0987427f9f43df35f4a7833e34d97c6df05dbeb16a047238db3c608255c70c0fff00a875ae4c6603d9ae747a183cd6359fb3b59f99de6a5f13dac6dd8213939ce78c9ed5c26afe3aff00848355d32ce74f352f2fe08597fbf991738edd2b2f5e91978f31986ee79e99f4aced1aceda6f14e926e67104cb395b5ded84323230fcc2ee23e959e122ef79742b1724d72aea5ff8757775e16f16dd784a6bababcd1ae64960d3de539222666da3b670d9e47a66b84f88577736be3df085841932c4624f2c26c677104ae0e4f6cdce49f7f6afa6e4f02e9b3e8eaf2bdb69b7d691958ef1774cc90953bd132df28238f51b8f5cf3e1de3af085c78c7e335f6baf10b0b2d2a016566173b4379410c848f50ac41e338ea4002baf0b4392eeff00d7638f88b3055a9c29a56dafe765b9e7de3cd2a4d1fc15e229e20ee669dfcb2b9dc7e555ddf53b09fa62ba6d03f674d6f5df0de9b73a9dd695617325b237d96e2630bdba91908571db3ce38ce6bb33f0fad352934cb497f75a7dbc6d3dc96c9568c1f9bdf9cb71d33c55cf19f880f89f5f925695fcd855639143ba842544800dbc1f95d4e7dff0ae9a51d353e4ea58fd84b8f123e9de11b3904b326a376648e358d5492541232318030300907923ea3e59fdbefc65168df003c42a3e4d4f56f2617f2f24985a454907d0903af276e6bda3e3cfc59d37e1b6af0ac0af2df4e56260ea0a2418cbf523127c8719071bbd6be35fdb1fe218f197c1b9c078e3bcd4b50b6778861f16ea0e141fe1c3c5ce0725c7a9c7dbd4b7b3925d8f9ca49f3a6727fb29591b9d6ee5e46999804f2e2cee080b9c123a103278e3ef1f7ac9fdb37f61f8fe0df82ef3c6165ac4b79169d736c2f34f92cc2b594370db15bcedff0030121894284cfef064f193eaff00b08f8066935296f1606956d235930e84f5e80fa8ebff00d6af7af8bdf0727f8e3f0a3c69e10bf99611ae69922413347b512e400d6f23f072165f2980e7fd5e7a8af2b1397c31187e492bbb3b7933d6c2663530d5f9e2ec9b57f347e2a7c5af84fa7fc4cd46caf252f1dc59831061d2453c807f1e73f5a87c2fe05d23c136f19d40decd167210dc3f94b91d8038c739c1ad7f1a417fe15bdbfd275cb59f4ed5348b87b3bab790624b6b889ca49130ecc1830fe5577c25e22b7d6f462b2b2236d2083823078fcabe09bad4e3caf65d0fd129ba329f3c6d765193c75f0774a01265b286e085f3365cc809c7aed3cf4efef5b9a7f8e3e14eb7088f4db68a5924014240655f5e801183fad786eabfb2a9f15f8bee6ea1d520b7d3a594b60e0360919c7e671c76af74fd9abf66ff000ffc36927bc9f547d42790792b2edc468b92718c9c9e3ad7ae9d350bc5ebe8732c762273e49c528f731fc49fb39e9de3d43736aba85ac6ad8024b86d8bcfa364e48f7aeffe13e8117c1ff0fbe976f29904efe6139e73dcff009e6bbcd534db18f4d56827411eddd83d71eb8af32d67c5f6b1ea526d9321091d41ddf4c1ae29ba93f75bd0da3eca32e75bf73b1b8f1223ca373ee6c13ec303ff00ad5951c49e33f105e4b812da68d6925d2b3676acc63db1f3c630cc79f715e73e2bf1d45696e16393e7b8ce70412abf9f53fd2bd6fe12e84743f8497f25e308eeb520934a642063f788fb73d47c91e0e3be7d6bbb0f4928dd9e6e3f10f551e845e10f196a1afea767a50bbba9ee44818c534aca0601c641efc679e9c0e3b69c9e3d92e6ca45bc73917cf6451c63c82ac625391d305c9f4248f535cd7c2f93eddf18e092d576417125e4a24e4b1f2c46a18e780b99383ea4fa56ac52d9eab69716725b5c413b6a4f24d70a9f2943b65ddc1dc572513fe0648ce083b72a8ab44f9da95a755dea3bb3b1975b86c3c0d70703ed1344b1395fbaea480147fba72dc0e83a82699e17f154fe1bb078bed91433cd279b319d1223231550a46e072151513238ca1e98c571de26b836da559c11cc0ced6fba61b73e5ca4b2843c73c6d3c71861c839c74d7df11bc3be139574ebfbad02dae2d900315c64b4608dc0601e3af43c839ce7a9883d5d8269a48fa83e3bfc48bbd7fc57f6d12bcd752cd2bc76eec642423160abfeceeddcf1950bc0cb573df157c18b79f0a2da39554486c2399d8a9e184e377e0557391f9d54f10598d4f54bf856513c8b1cd189465a4cbbef6dddf9e9c7419ce715d9fc65b0361a43e92914314d710ac40b2fefe7555cc880e0850879e5b9de715f68dda2ee7cfaf8958eb7f657d0a4f0f7c2c96788a6cbf60ca164e5c88b2401ed9c1c743debe83f84b6ec347bc177e6b8899115dc1dce070467f0c7e75e51f0d2f0e85f027498c1f2feccde66f4fbccdb7233e9d47e0457bcfc1e8575df0bc17376268a6441198589200de0fcd9032e40c6473827dea69b5b0553e28ff82aa7fc131efbe39de4de3df87fa6097c5105a8fed4d2a3cf9dafc7187c4d128e0ce8815020ff00581460ee003fe46dcea73f8711917ee1cf2d9dd8ce08ff003e98afe99a36fed4f114335a89e157b9cc72282a5c2c64eec64e0f5ebc10791c57e3effc17d3f669b4f835fb54e95e25d074a5b1d27e23696f7b788806d975386565ba930bc2978e4b676c632eeedd5893e3e6981a767596fd4f672ac7556d507af6ff0023e1d1f10d56d2411608da5096e49e3d33fe7349a1fc659ac63f2de6621189c9246ef4fe7fceb02e746334876c1e49073804ae05509f499da40aa8bb8f73ce2bc68fb33dc97b76cf4bbffda4e6834c31249ba4954e5803e84119ce7f1ae2efbe2e5f5ee63b6492577604119e7b63e955fc3bf0f2e357b899dd4118c07624006bd37c01f0a6db49855e48448c40c96c1cf4a97529c763b2961abcf5bd909fb3d7c34bef1678820d4b580eb04043416ec3876ea0fd057d89e25f84977a8fc051731c91dac726af6d04d21191b0452c85474ce421ee3903dabcc3e18692b6d7719550bcf393cd7e8ff833f66db1fda43fe09f9aae8be1e115c78db4ec6b3616ea7e7b892112234231d5a58649554740de5e4e338d6135339731a4e9d3b1f9c1fb39e977dac78aef35999e2b3b2d3959153259a50eca0638c630abeff32e383c5df19da4fa369da54466593c9bc16ee5939976a4042707e5e4b9dc73feabfdae3d03c07e15bbf86be1bb5d3659a58f57665496cda228f130382ae08c80b8c10c3391c8e30388f8b9652e9074bb6b8936c07537984c142e5f6246230073cb3b119ea067ad39c6d13c6868ce5e5d452efc48b2c9205492e923c328076ee007d0ff008579a789e49b55f13ea73b497844b7523215961886d2d95c065ce3045771e2bb286ebccb5323410ca496651d4e00c7d383cfb5705e35d2121d4e177862b959edd1d09dd945e405fd33ed9c76ae7a52b68cd6aec8fd32f81be154d7bc3f61ab3379b6ef7051f6e51b606f954f5ea0ae7a01c0ef57f539eef5a7b59ee441713c12ce9bf6ec795cbc88d2b0e7aaa21e0e071c0c9ac8b6d26f345f807a26990cb2c27529912eb73e012665fba07cdc8030c70382315dc6a7a5b69f6d75130d9731b1c3b109b89013231f7be555048fbdc939c935f67567a58f9f82d6e5ef0cf89213a7dadb4709deec50430e42f2400bcf1f7b9c9f7afa07e1f6af73a778374f48560826be9c212898d8a7ae724e7bfb1c7435e23f053e173fc43d6ec6ce591f4fb4b45596670df3dc2676e1411804b7193c648efc1f6df8b1a79d3741b98ad63919d71636c91c66590b3a88c051f798e24e3be47bd1462d26d915649bb23b2f835accfa8d8cd3dc323c3713c93c527980aac3d10295e02ed19ce4839247ad7c75ff0005cff003f8ff00f67ad37516d97379e0ed6a3b9774404436971e640483df3235ae7e83d335f737c20f8570783b45b16f15eb1bb5410c71b5a47202d0b8450c18f407ae5578193cf35db7c4bf845e0af8a9f09f5ef076a7616a9a5f892c24d36e6468c175122950c1cf3bd49dc0e7e56507208ae3c6558ca9ca9a4ddd1d583bd2ad1aafa33f976d674282566caaeff5c7359d63e10cb9c91b48f4ce2bd2fc7df0f2efc1fe2ad4349d4a0305f693772d95d201feae789cc722fe0ca4561c7a433303b480bcfb1afcee789709347eb34a84649320f0ff008721820550371c743dabaff0e68be64bd805359d656e6de1246d1f5ee6babf0ac1f3a953938ef8e688e219bca9c22b43b3f08e9c2d4c6141caf23239afaf7f627f8c5a9fc26f12db5cc1318e127f7a18e14281924e78000c924f402be76f841f0bb55f1edfc86c2ccc90db01e6ccec2382dfb7cce7001f41f78f606bea2f871f07ec3c310da473f9fad5db952d12a347699ec554624940e1816d809232878afa1cb30189c425c8b4eef63e6733cc70946eab3bbecb567b9fed5fe17f017eda965a7dd596adaa693e3eb4b793c91a7d8a5c5af907254ea0ce522b72c558a19668987984057e73f2ee93ff000453f1f7c6af1fc33ea1e30f07586996ce23b726fa7bcb8940663bd6344dbd18f59072783c66be9cf0ae8f696965656f7737d82c6052f1dac112c5b436326389410a0f04e1475f9b19af49d03e25c7e0fd2c27872cb51b5b8dc1d2fae9d111b07ee94c36411919c81eddebeb5e40942cdf34bf03e12799f34db8ab2fbcfca9fdbb3fe09cdf107f63af124875dd3d756f0c4ff2da7882ca06fb04c49c88dcf5825ff61fae1b696009af927c73afdf69dad2410ddc96e9140802c607719c9c8ebcff002afe99b405d3fe337c25bed3be20dbe95a8693aada982fad6e2355b79a3e8cf2282420e118124156e548f949f80fe2ff00fc1b8536b5e3fbebdf06f8f7414d06ec8920875cd1bed1776a31b7cb32a1daea00186dabd71b78dc7e72be0dd39b4ba1e8c314a51573cabc4ef7173f13ef6de6c95fb4e5c210e9266e93807ea89f367924f4e6bd5bc4a26d5e737b7723c0bb02c08177609cb120f453b48fcbe95e23f0d354bcf14f8824d52f9a20fa800d12a9ca148e6200ebd0fde3d8f3c015effe34c5dbdb4712960a176a0e46e2bc807bf3d3af5af7a534ef63ccb58f69fd9db4eb4d3bc2d6f711b223213217e59a460c796f41bba76c81d4f4daf1c7c51b6f085b5c2d8e26d7c3f92262b9fb139e1cc63fe7a0076eefe1391d57354355bbb7f847f0c232933acb616a2387715314933608da73f31520b723b1c9e95e67a0eed4ae6c63f998b234eeec73f3678e871f7b9aee50f752672a7add1e8ff0eafdafbc4115ededd6f82db66d76e7cd93963f5e72c07f4af4ebbf1d2cbad5b79d38fb24512c85572522ce76c4719f99b04b367a2e3804e7c3acaf0c3ac2e9f6ce563b24f98a90bba66ea7f01f28fc6a87c60f1849e1bf0b32dbb37da0479cb7cfb59be5c923f882ee031fdeac6bc6e8da9b3e04ff00828a7c34d7bc7dfb54f8e3c51e18f0fbdce91aedf2ddac76b2c7bd2468a312b152c1897903b92011976e95f35a7c0ff89da9ea7e4c1e09d78efc9466458d081fed3305fd6bf4497417d7efa50d24795dbbd54753818e307dbbd69697f0e6f166f3d82b5b81b486187c73df800f4ff3d7e6970e51ad525377d59f4d4b89f11469c69a49d95bfad4f83fc13fb1dfc43f168c5d5a69fa26c2777db2f55dcf193f2c3e611c7ae2be93f847fb0e68be19d23cfd72fef3c4176a0154881b7b6dde8554991bb73bd47aad7be58fc2e0f6a58db960ff00303bb1b8e4f38dd83c71815d77873c2d910e218d55179cc61581241c67ad7d060386f094f570bbf3d7f0d8f3b1bc4b8cacb979b95797f9ee70ba1f862db49b582d6cd92d2d9146c48c288d41238445e39fa75ebea7d27c1b64661f66778a289cfcb2c8e14161d80ec7df3915d5d9fc3fd2af6052d6d135cf25c98c824f07240c127ebfad524f81b6cfab1ba8a44b789b01bcb1f293dc73cd7d12a1285b9763e725554b591a3a6e97a1688af25fdec53dd3900988ef99d88e416c8f63c7a5759a5f8cac34ab459ac74a8614c958e6bc84cb2c87d5109298fa822b2ed2c74bf0ac1b5a0b5bb9631b939dc1bfe027b6719c7bd6bf84f42bbf18eac3f7e8adb3f79e67296c80939c9390a3fc29b4ad79ec4735de86c786b54d53e23f8c6d17511ac5ec00131ad9b82880f19c310898ef95e03118ed5f43f877473a2e951c10dc4ad18cb0599f718f3ced1c7dd1d8741d060000707f0ff55d1f46b0fb368e3ce476dad70400d74c319200fe11f973debad1e30b6886249e5ddfec1f947f9fc3e95f31984a55649423648f4e87b8bde7a9f8edfb34dccbe20d0b46b4d8be4a4c615ca2ed450bbb24ff0017241391dc0ce0007e91f843a3a6bde28b594422486c5d66b9884387decd9403036eec8fa7cbef5f357ec87ff224affd7d49ff00a2d6beb1fd933fe41979ff005d20ff00d9e9d24b4b8ea3dce4be3578d1fc57e22b9b3130367a348964fb1b292cec4c92807bed0b1c79e9c311c1ae9fc0d03e8d69797d2b36e8516087239051724e3ea7f415e41a47fc82aebfec3b37f5af5df0dffc8a0bff005da4fe6b5e8c569a98495992f81015bb924984864b9732bab81c679c6476cfa9ac4f89d20d48dc7988acaa588db97c0c6338ff00f5d6de93ff001febf46fe558be26fbb75ff5d9ff009566d26ec3bd91e4d62bfd8de22458032c6e391b7054e09e8464ff00f5abd23c13a9da5eca16475694f0d97006783923a5713e29ff0090ad87fbedff00a03d27807fd7597fd745ff00d0eb1a351d3ab645ce0a51bb3de13c356b756db8433bb6d0cc51b1c7e3db15a51e916d696e36437381ce6372c0753d3a7e5fa533c2ff00f22943f51ffa0b55fbcff8f1b2ff0074ff00e826be8e1aab9e5bd0adfdab71a7808912b206c00ee0804f4da0f4fc38a8aff5d9e562cd25c79cc8422724123d8f4c7b64527fcf0ff71fff00435a5bcff8ff00ff00b649fc96ad6a2b15adb7c01af75278ed638c82cecc0a60f60a3927d0e3d3a548de339bc4cf158da2ecd3460baab61e639ea71d49e806300fad3fc63ff20287fdd3ff00a10acdf86fff00214b0ffae91ff26ae6ab2d4da9c4f64d16f23f0c689e65dde4167671c405d4aef910201911201dfd7a64e7d2b92d57f6ddf0a7846e459d9e992dd40abb9667cb19393cf03dba5737fb58ff00c8a5e1ff00faeedffa32be24f1d7fc87dbfeb9aff2ae3546325791d0db5b1fffd9);

-- --------------------------------------------------------

--
-- Table structure for table `jobs`
--

CREATE TABLE `jobs` (
  `job_id` varchar(10) CHARACTER SET latin1 COLLATE latin1_bin NOT NULL,
  `job_title` varchar(35) CHARACTER SET latin1 COLLATE latin1_bin NOT NULL,
  `min_salary` int(6) DEFAULT NULL,
  `max_salary` int(6) DEFAULT NULL
) ENGINE=InnoDB DEFAULT CHARSET=latin1;

--
-- Dumping data for table `jobs`
--

INSERT INTO `jobs` (`job_id`, `job_title`, `min_salary`, `max_salary`) VALUES
('AC_ACCOUNT', 'Public Accountant', 4200, 9000),
('AC_MGR', 'Accounting Manager', 8200, 16000),
('AD_ASST', 'Administration Assistant', 3000, 6000),
('AD_PRES', 'President', 20000, 40000),
('AD_VP', 'Administration Vice President', 15000, 30000),
('FI_ACCOUNT', 'Accountant', 4200, 9000),
('FI_MGR', 'Finance Manager', 8200, 16000),
('HR_REP', 'Human Resources Representative', 4000, 9000),
('IT_PROG', 'Programmer', 4000, 10000),
('MK_MAN', 'Marketing Manager', 9000, 15000),
('MK_REP', 'Marketing Representative', 4000, 9000),
('PR_REP', 'Public Relations Representative', 4500, 10500),
('PU_CLERK', 'Purchasing Clerk', 2500, 5500),
('PU_MAN', 'Purchasing Manager', 8000, 15000),
('SA_MAN', 'Sales Manager', 10000, 20000),
('SA_REP', 'Sales Representative', 6000, 12000),
('SH_CLERK', 'Shipping Clerk', 2500, 5500),
('ST_CLERK', 'Stock Clerk', 2000, 5000),
('ST_MAN', 'Stock Manager', 5500, 8500);

-- --------------------------------------------------------

--
-- Table structure for table `job_history`
--

CREATE TABLE `job_history` (
  `employee_id` int(6) NOT NULL,
  `start_date` datetime NOT NULL,
  `end_date` datetime NOT NULL,
  `job_id` varchar(10) CHARACTER SET latin1 COLLATE latin1_bin NOT NULL,
  `department_id` int(4) DEFAULT NULL
) ENGINE=InnoDB DEFAULT CHARSET=latin1;

--
-- Dumping data for table `job_history`
--

INSERT INTO `job_history` (`employee_id`, `start_date`, `end_date`, `job_id`, `department_id`) VALUES
(101, '1989-09-21 00:00:00', '1993-10-27 00:00:00', 'AC_ACCOUNT', 110),
(101, '1993-10-28 00:00:00', '1997-03-15 00:00:00', 'AC_MGR', 110),
(102, '1993-01-13 00:00:00', '1998-07-24 00:00:00', 'IT_PROG', 60),
(114, '1998-03-24 00:00:00', '1999-12-31 00:00:00', 'ST_CLERK', 50),
(122, '1999-01-01 00:00:00', '1999-12-31 00:00:00', 'ST_CLERK', 50),
(176, '1998-03-24 00:00:00', '1998-12-31 00:00:00', 'SA_REP', 80),
(176, '1999-01-01 00:00:00', '1999-12-31 00:00:00', 'SA_MAN', 80),
(200, '1987-09-17 00:00:00', '1993-06-17 00:00:00', 'AD_ASST', 90),
(200, '1994-07-01 00:00:00', '1998-12-31 00:00:00', 'AC_ACCOUNT', 90),
(201, '1996-02-17 00:00:00', '1999-12-19 00:00:00', 'MK_REP', 20);

-- --------------------------------------------------------

--
-- Table structure for table `locations`
--

CREATE TABLE `locations` (
  `location_id` int(4) NOT NULL,
  `street_address` varchar(40) CHARACTER SET latin1 COLLATE latin1_bin DEFAULT NULL,
  `postal_code` varchar(12) CHARACTER SET latin1 COLLATE latin1_bin DEFAULT NULL,
  `city` varchar(30) CHARACTER SET latin1 COLLATE latin1_bin NOT NULL,
  `state_province` varchar(25) CHARACTER SET latin1 COLLATE latin1_bin DEFAULT NULL,
  `country_id` char(2) CHARACTER SET latin1 COLLATE latin1_bin DEFAULT NULL
) ENGINE=InnoDB DEFAULT CHARSET=latin1;

--
-- Dumping data for table `locations`
--

INSERT INTO `locations` (`location_id`, `street_address`, `postal_code`, `city`, `state_province`, `country_id`) VALUES
(1000, '1297 Via Cola di Rie', '00989', 'Roma', NULL, 'IT'),
(1100, '93091 Calle della Testa', '10934', 'Venice', NULL, 'IT'),
(1200, '2017 Shinjuku-ku', '1689', 'Tokyo', 'Tokyo Prefecture', 'JP'),
(1300, '9450 Kamiya-cho', '6823', 'Hiroshima', NULL, 'JP'),
(1400, '2014 Jabberwocky Rd', '26192', 'Southlake', 'Texas', 'US'),
(1500, '2011 Interiors Blvd', '99236', 'South San Francisco', 'California', 'US'),
(1600, '2007 Zagora St', '50090', 'South Brunswick', 'New Jersey', 'US'),
(1700, '2004 Charade Rd', '98199', 'Seattle', 'Washington', 'US'),
(1800, '147 Spadina Ave', 'M5V 2L7', 'Toronto', 'Ontario', 'CA'),
(1900, '6092 Boxwood St', 'YSW 9T2', 'Whitehorse', 'Yukon', 'CA'),
(2000, '40-5-12 Laogianggen', '190518', 'Beijing', NULL, 'CN'),
(2100, '1298 Vileparle (E)', '490231', 'Bombay', 'Maharashtra', 'IN'),
(2200, '12-98 Victoria Street', '2901', 'Sydney', 'New South Wales', 'AU'),
(2300, '198 Clementi North', '540198', 'Singapore', NULL, 'SG'),
(2400, '8204 Arthur St', NULL, 'London', NULL, 'UK'),
(2500, 'Magdalen Centre, The Oxford Science Park', 'OX9 9ZB', 'Oxford', 'Oxford', 'UK'),
(2600, '9702 Chester Road', '09629850293', 'Stretford', 'Manchester', 'UK'),
(2700, 'Schwanthalerstr. 7031', '80925', 'Munich', 'Bavaria', 'DE'),
(2800, 'Rua Frei Caneca 1360 ', '01307-002', 'Sao Paulo', 'Sao Paulo', 'BR'),
(2900, '20 Rue des Corps-Saints', '1730', 'Geneva', 'Geneve', 'CH'),
(3000, 'Murtenstrasse 921', '3095', 'Bern', 'BE', 'CH'),
(3100, 'Pieter Breughelstraat 837', '3029SK', 'Utrecht', 'Utrecht', 'NL'),
(3200, 'Mariano Escobedo 9991', '11932', 'Mexico City', 'Distrito Federal,', 'MX');

-- --------------------------------------------------------

--
-- Table structure for table `login`
--

CREATE TABLE `login` (
  `username` varchar(20) DEFAULT NULL,
  `password` varchar(20) DEFAULT NULL
) ENGINE=MyISAM DEFAULT CHARSET=latin1;

--
-- Dumping data for table `login`
--

INSERT INTO `login` (`username`, `password`) VALUES
('KULDEEP', 'kuldeep@123'),
('SANTOSH', 'santosh@123');

-- --------------------------------------------------------

--
-- Table structure for table `loginmaster`
--

CREATE TABLE `loginmaster` (
  `LoginID` varchar(30) NOT NULL,
  `Password` varchar(30) DEFAULT NULL,
  `Role` varchar(10) DEFAULT NULL,
  `Status` varchar(10) DEFAULT NULL
) ENGINE=InnoDB DEFAULT CHARSET=latin1;

--
-- Dumping data for table `loginmaster`
--

INSERT INTO `loginmaster` (`LoginID`, `Password`, `Role`, `Status`) VALUES
('Brad', 'root', 'user', 'activated'),
('John', 'pwd', 'user', 'activated'),
('priyansh', '1234', 'admin', 'activated'),
('username', 'password', 'user', 'activated');

-- --------------------------------------------------------

--
-- Table structure for table `logtab`
--

CREATE TABLE `logtab` (
  `username` varchar(20) DEFAULT NULL,
  `password` varchar(20) DEFAULT NULL
) ENGINE=MyISAM DEFAULT CHARSET=latin1;

--
-- Dumping data for table `logtab`
--

INSERT INTO `logtab` (`username`, `password`) VALUES
('KULDEEP', 'kuldeep@123'),
('SANTOSH', 'santosh@123');

-- --------------------------------------------------------

--
-- Table structure for table `product`
--

CREATE TABLE `product` (
  `id` int(11) DEFAULT NULL,
  `name` varchar(10) DEFAULT NULL,
  `price` decimal(5,2) DEFAULT NULL
) ENGINE=MyISAM DEFAULT CHARSET=latin1;

--
-- Dumping data for table `product`
--

INSERT INTO `product` (`id`, `name`, `price`) VALUES
(1, 'burger', '10.00'),
(2, 'coke', '20.00');

-- --------------------------------------------------------

--
-- Table structure for table `regions`
--

CREATE TABLE `regions` (
  `region_id` decimal(22,0) NOT NULL,
  `region_name` varchar(25) CHARACTER SET latin1 COLLATE latin1_bin DEFAULT NULL
) ENGINE=InnoDB DEFAULT CHARSET=latin1;

--
-- Dumping data for table `regions`
--

INSERT INTO `regions` (`region_id`, `region_name`) VALUES
('1', 'Europe'),
('2', 'Americas'),
('3', 'Asia'),
('4', 'Middle East and Africa');

-- --------------------------------------------------------

--
-- Table structure for table `salgrade`
--

CREATE TABLE `salgrade` (
  `grade` char(1) NOT NULL,
  `losal` decimal(8,2) DEFAULT NULL,
  `hisal` decimal(8,2) DEFAULT NULL
) ENGINE=MyISAM DEFAULT CHARSET=latin1;

--
-- Dumping data for table `salgrade`
--

INSERT INTO `salgrade` (`grade`, `losal`, `hisal`) VALUES
('A', '20001.00', '30000.00'),
('B', '15001.00', '20000.00'),
('C', '11001.00', '15000.00'),
('D', '5001.00', '11000.00'),
('E', '0.00', '5000.00');

-- --------------------------------------------------------

--
-- Table structure for table `stockmaster`
--

CREATE TABLE `stockmaster` (
  `StockID` int(10) NOT NULL,
  `StockName` varchar(30) DEFAULT NULL,
  `Version` varchar(10) DEFAULT NULL,
  `DiskID` int(10) DEFAULT NULL,
  `Image` varchar(40) DEFAULT NULL,
  `Casting` varchar(100) DEFAULT NULL,
  `Director` varchar(30) DEFAULT NULL,
  `Year` varchar(4) DEFAULT NULL,
  `Quantity` int(5) DEFAULT NULL,
  `Price` decimal(4,2) DEFAULT NULL
) ENGINE=InnoDB DEFAULT CHARSET=latin1;

-- --------------------------------------------------------

--
-- Table structure for table `studentdata`
--

CREATE TABLE `studentdata` (
  `sid` int(10) UNSIGNED NOT NULL,
  `sname` varchar(45) NOT NULL,
  `image` longblob NOT NULL,
  `mimetype` varchar(45) NOT NULL,
  `address` varchar(50) NOT NULL
) ENGINE=InnoDB DEFAULT CHARSET=latin1;

--
-- Dumping data for table `studentdata`
--

INSERT INTO `studentdata` (`sid`, `sname`, `image`, `mimetype`, `address`) VALUES
(1, 'kuldeep', 0xffd8ffe000104a46494600010101006000600000ffdb0043000201010201010202020202020202030503030303030604040305070607070706070708090b0908080a0807070a0d0a0a0b0c0c0c0c07090e0f0d0c0e0b0c0c0cffdb004301020202030303060303060c0807080c0c0c0c0c0c0c0c0c0c0c0c0c0c0c0c0c0c0c0c0c0c0c0c0c0c0c0c0c0c0c0c0c0c0c0c0c0c0c0c0c0c0c0c0c0c0c0c0c0cffc00011080099007c03012200021101031101ffc4001f0000010501010101010100000000000000000102030405060708090a0bffc400b5100002010303020403050504040000017d01020300041105122131410613516107227114328191a1082342b1c11552d1f02433627282090a161718191a25262728292a3435363738393a434445464748494a535455565758595a636465666768696a737475767778797a838485868788898a92939495969798999aa2a3a4a5a6a7a8a9aab2b3b4b5b6b7b8b9bac2c3c4c5c6c7c8c9cad2d3d4d5d6d7d8d9dae1e2e3e4e5e6e7e8e9eaf1f2f3f4f5f6f7f8f9faffc4001f0100030101010101010101010000000000000102030405060708090a0bffc400b51100020102040403040705040400010277000102031104052131061241510761711322328108144291a1b1c109233352f0156272d10a162434e125f11718191a262728292a35363738393a434445464748494a535455565758595a636465666768696a737475767778797a82838485868788898a92939495969798999aa2a3a4a5a6a7a8a9aab2b3b4b5b6b7b8b9bac2c3c4c5c6c7c8c9cad2d3d4d5d6d7d8d9dae2e3e4e5e6e7e8e9eaf2f3f4f5f6f7f8f9faffda000c03010002110311003f00fd04bb6293b47cb29fbbbf9a4b3bb48f5589130aebcb10381f5f6a9670239d9d619153f877fdeacdd56f52c14cca0c4ca32edd30bdc9f6af868ad4ecb1d969b25cea376e52049e3405e628c215083a9c9ab2df1df48f04daccb15889217e1a48e7133a11fee8afcf5fdb3ffe0a6cbf0dfc71fd87a469baeead6162a5256b190c505e390320cabce14e415e95f1bf8fbfe0a9be28b35bc7b0b5bdd12ee776d886f19c42b9e38239e2bd1c3e09cb545b85d1fafdfb4bfedcfa17823c0330d2efa482eeeb6acc9312a06e38cf41d335f3cc1ff05717f823a6dde81a37f62497da64c631aade2999668871bca020b13ea0d7e4dfc40fdbbbc59f11e0f2b58d4e6ba8f3f3a9500c9e9c8e6bcd357f8bf7fa95dc93cf35cb7983840d961cf4f715ea53c3492b32e34a296a7ea4fc67ff0082cec91eb26fa1bb5d72edb0cf2b48c968edfdd111e47e7581a67fc174a6bebb863bef0ce837719237a5acbf65318f5cb6735f9aa9ac8d5cc3757a0a45b81102fb773e954753d7ac64bb68e0b092e64ce781b113df23ad53c1529692dc7caada23f6bfe1bffc146be13fc49b3892eb5d5d0b519d80582662ca49edbf0057bce896835ab1b6d42c5fedb6722abc72c43e4753d0e7a57f3a4f797af2a95f3226420a18e42db6bd4fe157ede3f187e105e5b41a6f8d7581a7da602dadc4a5e1da3f879cf15c55b297f61984e9c4fde6d4b4f3a85c2618a1236ec27247d0f6ae96cfc3cb6cd6ad724b436e01c0428d27fb3b8d7e6e7eca5ff05afb6d70dbe97e3ed38c73b3aaa5fda32be7dcae1457e99fc3bf1b43e2cd3ecf55d2ee6d2f5278d5a1958acd1c8a46721791d2bcda987a949ea42a2ec775a66a3a6a467528bc35690ac6996737b1ee940ea366335047f14344d37508e4b6f0ecb771dc8cb865da179c11d39a75e7c4db9b7b5675d2ec7749c6ff00b1a12a718ce315867c5fa96afa516b8b9d3638f71da8b0a4732fd140ad1548b8dba994d58d7d4bc73e1b9037d8ed63d26597afeefe7fa74154c5ee9e146ebfd4e72467722b6dfa74ed596342b9bed2ff00b42311a82e12469a205f07f8b07a6315b36ff0dae66b78e4b2bdb69209143063315249ebc7d6a5bb91cd63275749e650f2caa045c6dc726bc63f6c66d42d7e0aea57ba6dcc36973a7a9b87795f00c614e47bf6e2bd47c4bad0370f2aa93120c05dc589af89bfe0b1daccb2fecc5637f67a94d6f241a8aa490c6fb0c8a55b8383c8e2a68439a691dae5ef58f84bc79fb5c3780639f52d2e113f89afa4713dddc20643cfcbb17a631d722be76f1e6bfa8f8b6f1f5cd59c4d79a9bb493e1428624f4503a564c4d71e28f133cb7b3bcb14796507eec6bdebd3ff00669fd9a35bfda17c70aa4bc5a0f9db5dca10bb14f623e95f4916a9451d30a6e6f962701e03f08de78e3503676900746201428738ed83ed5f4f7833fe09a77be2ed2ade6bfb430cfb0323a49c3f1debee1fd9e3f64af0afc30d01218b4bb5964403f7ce9967e3af35ed36ba1dada5ba88608a310f00018acea632eac91dd47016779b3f3d349ff8257d9cd00172ee97257695de718fcaaf788ffe09496172aa21924846c2a42c9d4f6ed5fa0325a432b8263196ee6aa6b1a48b780941d7ad79f3af3bee7a31c3d2b688fca6f881ff0004bff18785c79da45cdb487277233925876ed5e15e3cf869e24f87f25cdb6afa73c525b9218e32adf957ed74da725c13e62211efd6b82f883f09b41f16412a5ee9f673eec83bd0126ae9e2dc7e2d4c6ae5f196a8fc565b9890868d5a363f7e324819f515f65ffc1347fe0a2de2afd99fc65069325dfdb340ba051ada75deabd3907a8381eb5bbfb4dffc13ab4ff11bcb79e1c16fa74c80b3468a70c7f0af8c6f74cd5fe1b788e4b1bf335bc96d2603a92bd0e322ba9ca3591e755a2e9e8cfe93fe14fc59d3be317c3783c5ba05c5dc56f2a912248a374320eaa474f7fc6a8788758beba93ed2f2f98d21c33600ddf80afce5ff00824bff00c14574ff00863aa2780fc5f7f7f7569e27b954b4904be65b4333808acec4f18c735fa8f27c1cb8f1386f26e2dad9214df946ddbfb83f957875a9724cf2ab41bd510f8018eacc20288cb16189918e07e55e896de17730298aea108790067fc2bcb74b4b7f02def9175a8ccab3718b28c4cee47620915ea5e1f9b4fb8d221758f5260cbd5c1463f500f14a299c15343c62f751992de674c031a92e4f3b063b7a9afcaeff0082d17ed59e15f89f7fa2f84bc24c6e65d39e43ab31478d0c871b31bb073f7bb57ea2a5d6189603032d81d4607ad7e0c7fc1417e2bbf8dbf6abf146ab2410dbcf713053047f762d9c023ebd6baf2e85e773be9abab9c2f85be1acbaac96b649b97ed0e04986ec7a57ea37eca5e06d3bc03f09f48d3ed22453142bbfd598f524d7e607c1df88460d7adde77508846327a735fa33fb36f8ea5d77c33653aae2271b54e7838e2bbf1eeda23dbc0ad798fa7bc3ba935b46370385185c76addb7d4e248be61827b7ad729e142f71681a460b9c62bacd3d6ca2e6675c815c908bb1ea29aea4a97ab70bf28208ed506a73bbdb1383b7157edb55d31d4f953c0d8383861c51ac6ab63158ee3244113e63cf6aa71b949db6386d4a4b88e37688e1c76c5719aa5ece5e4694b75e78aedf54f8ede0dd2e095eeb51b3800e0e5c75af31f10fed51f0f6eae258e3d7f4d2d92306602a3d8b65caaa4b5286bdab25bc32090e59972b9f4af86ff6ebf0d5b46ed7c96e092d86607f88e6beb6d4be2a7863c557cd15a6b9a734ac4844132907d85786fed65f072e3c69e07bb96c84a2eedcef2a064381d702a28ce54aaf2b3971295487323e2df0178c6ebc1badd9cf6e7135b4ab2267a021b22bfa3cff00827a7ed247f6bdfd933c35e35d4ed9d754785acafdadb0abe6a31550067fb816bf9b04b09cdcb5abc3ba4f336ee53860738afe813fe0835e1dd53e1bfec1b69a0ea1a4c82e751ba97521393b4a2fdd00fe55d38f8292523e76acd463a9ebbf12605b09d243a68f2f79fde163bb1f81aed7c13e2bf33c336be4ebbaa58c6170212911d9f98271f5ae9fc4d64d7da21b71676c62e8647501b9ee0d794788e45d3755780d9c4fe500bba28fe53c7f3f5af2e33e5dcf3aac14b53cdee753ba4bfd924cd111c151db35f8f7ff000577fd8f757f821f1e26f155ac38f0a78aa4ff0044999b38650370f6249afd8cd1bc3fa05c69b2dd6a1e266b3d4377c9646cde5673d86f1c0cd78b7ededf107c0da8f8223f85be2a16c2f35589dec2eb50b732adacd8015a3e3e43f375cd7560ea724cebc251a95a6a313f163e0b7806f7c7fe37b3d2ecc37ef6451239e0aa6704fd6bf47b47f1368bfb30fc3eb28af0bbbd95be21802976b97c77f4e7e95e13fb0efc1397c1dfb45eb7637aab31d2e0912372011280c36c8a7a7239fc6bdf7e3c7812eb51d40ceb6b712c6ab9401370ce3bd74e26b294b53e870b879416a790f8d3fe0a5ff102de7c699a6dbdb599cf97ba2194fd727f1af27f14fedeff00193c557619f549ec2dc9ff0096310507f4aeeae34fd43c3bae9b993c34356b96c88fed6a05b5b81d0b291f3e7d88c62b99d1f59f1b7c43f17fd8bc4da7681e1ad106e66b9b68830c0fba0206cf271cd690a91e537587f7ae769fb3cfed65e2637d1dbeb3ab5c4a676ee4f249afa4756f8c5aca786a5133cbe5f964efc1e463d6be78f867f006dfc485e692e099ada4cc32429849707838ed5f69ebff000cbfb47e03a03162610b066da3d3d2b96a546dfba76469e87e78fc5cf1c5d78b679e1b7b8b98e247c9c31193ebf5ae27c3bfb39eb1e279bed497526d6f9c837080e3d79afa33e207ece7045a20685af16e5d8990a274f65e3835e53e3bfd9b6cbc4facc37515f6b7a779688935a796ccb7054004e400327193f5ad28d5696a63570dccccfd3be1947e13bd8e29e59e1ba6e55965dc3ea08e01afa53e093c9ace84fa75eddcb7ed8203cc72c1718c13debc87c19f02e49ef2129757f059c6a221060ed24773ef5f45fc39f86127846d52e238dccaa31923afd6b8eb4e4e46f0a118687c6bf15be0fe9fe12fda8db4f92210e9ed3c7705173c2704f4fc6bf723fe09c7f17b49f8a9fb3941a9e871c5a4c3a74e74e96dd83052c003bb6f271823ad7e607c73f065ad8fed07e1ad5eee05f2af604b6958818dde61fd715f687fc12ff591e17fda0756f0fdd4cb0e89a9d99731ab6d02538019474ce00a1d56f491e662f2c854a1392dd1f6a78dbc4b3de054b4b8b3df0fdf49a3754cf6ed5e67aef8fbc5516a722c1068a635e01485483f89e6bd4eda7bb9fc533e9b7922eafa642b882e258899083d466a49bf673f086ab2b5c0d52eed4ca72d179ea363771d3d6b2ab28dcf94845c959f43e7ff000dfc0fbcf1e5a4baa5add410846ef92dc0e98e83eb5f22fed6ff000b0fc46fda624935780ac3a2289235b82598e00c9e6bef7f873f1d9bc17a7ffc22ad2d9dc1726581f68c963d1411d4d7ce9fb4bc371ad7c4d7d5f59b7fb35d6a68d13b942aac06074ad9475e63dae1eaea15ecd1f1b7c1fbcd334efda7fc502d15d563811087e992074f415f55f87341b6d7b4dc3ac6ccc9c6ee40c8fd6be62f127c31b8f857f14a7d66088a2eacccbb95c3095723040ea38f5af7ef877e2c54d22de479300a8dd81d0d137767d2ce3efb5119e2cfd9b74ef134052e21dc87382094c1f518ae26c7f61ed15b511b6092e66ec6476da07d33cd7b743f106c228d434ccc3b8c54937c54d2b46b56943e231c74f9b35ac76b1ac636471761f0874af87fa6416b15a4092eec90230326bd46f34566f858f1b45b59a33818f6f4af22d6bf68bf03787b5c3aa78cbc4f67a315212de19b238ecdc0fe75d55efed7fe0cd57c2ed2586b56b7d69221db344c19318f5e947b36f51732b9c3693a4db9ba36da8a441c9c0f3005cfff005eafdd7ecff61a986b88122d8792b8ddf957947893f6cff84dacead3e9371aedcc9a9a9dd14915bb98c37a6edb835a9e0cfda5ae34b8fef34da74c42c571b721876cfa566e3246deebea7a0e8ff07b4ff0e3b19a28a55277e0a636d54f146b56f671948e3f2977718e38ac9d57e3845abc398e504b75c0ae0bc51e3f8eee6122b31684f5c719f7ae79cf52251695cadf1b5edb5dbbd1a3f2ccf345729247b793d7b57b4fc0966b4f8d9a53d9ccf6b2dd2c76ad222e48c9ebf5af0fd0aed758d721b9607ed0186cc745e6be99fd9af471ac7c4cb148ed6492ead0adc39db931a03d4e29a8a6eece4a924a8ca2dee7db1f01f5497c1baf4967ab6a514b63b7fd76a0046339fe163927e95dc7897e0d683e2ed625d42cfc4168905c61808ae8edcf7c60d783f8ef5d97579628adb4e5bc2ad867219562f766c8502bd5be1ffc10824f08d9492eac864993cc6105c2346a4f3b41f6a52b33e31c5f3348e8fc0ff0c7c0d6f6d6577a5f87e238e524b8884b24473dc9ce0d7947fc144fc0f651e87a0ea6ba6da225bbbc0658f924be080c318ed5ed1f06a681bc19671dbbc92c0013090ca49193f7bf1ad6f10e8969abc37769aa2c973a7ddaf952432aa95607a81dc7d6b9a15a4b73ae872d2ab747e3a7ed289696d359949a369a507114672d1818fcab91f0878da4d2adc43233f9600c65b38afd1bfda77f602f87b17ecfde319fc25a1ae93ab9cea4cd1cd248f70f1ab0541bc9c67776c57e5d6953b4b0b5bdc0315d5b9d92c6460a30ea2bbe33535a1ef61b15ed363d0a5f8822656547395e9cd5cd2f501a945e75ebecb641bcef6c6eaf3eb31187c97dbbb81ef589f1aeff00c427475d3f428a26bb9580424fcb554e5ef599d539cac745f1ebe12785fe2dcc5aeac60ba708163de720fb57806aff00b2b78b3c3d746db459ee2cb4b6ff0097652db31ec2bb9f0ce91f1a745892dee6fbc33a7a15cace55da42a7b1e08ae8b4bf853f1075480dc49e34d0e42ff7847bfe5fcd6bd156b134684aa6add8f3ff000d7ecd726896eaf7f676eb2a9de0b463271d6bd0edb5fd3f47d0d74d9d1111570464023d0d6178cff67f9f4cb1375abf8caee4bf76c6cb361b71ff00025ae1ec7e0aebbaadf4cd2f88ee2e2ca1f9a1470b938e8090b5cf52c693a1285accf45373269477c3399217e57d854704c6e24689dcb34877f27008aa5a63368ba18b7ba6133af195ed4d8bc41c940157030a715e6b81a4a6f9753dd7f63ff86965f173e2b3e957d1996ca183ce976c863e01c11b97915f69f847c31a5fc1fbc92d346b26b50ae01915ccd3382071e637cc57db35f39ffc1353c3b71a3da5c78955031d4aebfb3e24ef22903919e3ae6bebdf1d787bec3aacb15c24e44601dc0af0719e7159f35b43e6319899b9f2262cb10bfd3ae16e167b98e78cac50dbb15284f7703a8fad75fe05f1ae9be1cf0b5a595f5b1fb440bb4e2531f1db81ed5c4f87c3db5f460a23db8fe3dd8d9ef537897c3f15f6af24bbe22180c16dd9231ed4dcb4ba3cfe468f73f01782a7f0e2cc041069f2cdf7c424301feee2bad8278a2936dd49198d8610c920249af81bfe0939fb7d49f10fe055be83e29be373ac69b78d6a92b0fde79270db98f7c1635f67ebbac5c1b0f3e1bb96675e7cb88214c7a835388c1cf0b53d95546eeb7b4f7ac76897562b71b956296445c3294ca91e95f8fdff000542fd97b5af803f1d358f14e9fa75c49e0cf115c9bb8ef153725acafcbab95e146f240ce335fa6507c5b5b7877a59df5dcf183e722ed0571dce4f4ae57e27ebda3fc7df01eafe08d6f4fdb63e2780db1c8f9a3623e56cf201079ac29d69a7a6c3a18954a76b9f8cda6f8ea146059d496e36e719f715d0695e37860d4a1ba768d8c0711c679ddc5794fed21e0cbcfd9bfe2c7883c2d771cdf63d3ee9a2b591c8667895b0ad91eb585e1ff8bf6caf1062aa807248e6bd58c399291f411aca51b9f42f89bc6136bd68ed6a9979178001386f4af0cf895acf8f346ff8f2b2bab74909dce88dc0fc2bd53e12f8fecb54b64689e2640fc86ea2bb7d7fe27e9b2c2807973231e142f008ae98a9047116d8f967e1ef86fc6de2cbc77bbb9d426b642096b80c00fa66bd423b8baf0d696d1e5d8a8c17ec4d757adfc5fd2e396788491896300b2e001fa578efc52f8d9616f14d224ea76fde503a529d3721cb117ea49ab7890c62669ae177337fabcf4aa96be2349664851c1790e0283935e33ab7c53fed0bc7705cc2e78207cc6bd1ff0067ff000e5df89bc530c8dbb7b2ee03f842fa9f7ae7a941c752a1579e363f4cbf638beb4d33e0b7872cd671e6db484184361c92e4e7ebcd7d17e33d4a532b4f746ee09500f9724a818ef5f959fb4bfc67bbf815e19d19f43be92c350f3932c39263efd78eb47827fe0b21e35f0ddcd85bf892cb49f1269134aa93de3ab2ddc6bd0e0021781ed5ac72e94e3ceb53e5b1af96a58fd1ebbf1314d56291260d6c5bab37cb9ad6bbf8981a6e2eef140006101da3e95f367c3eff00828d7c20f1c6bb1cd06b171a2ca9b5921bd858ba37fc0415afa0345f88fa6f8b74d8f51b5bad36eedee86f494c8abbc7ae323150f0d560ece2727b467e56fec27f1e24f81bf1c346b8963f3ac7c40e9a4dc2b67644aefcb81ea2bf576c3e34ddfc1b606cae27d42ca6c0934e9e7c3420f23639e173f4afc3bd32fe78d8359893ed368e2681c1e636041047bd7e8a7893fe0acfe0ff0000f8634ed52d3c256b77a9ded988755b59a65b91232280ad9607ca6ebd0739f6afb4e25cbfdb56f6b4d0f0b888c63699fa052fc57d27c47e11b6d6eda5b5d26e1a2c5dc17730ca03d9a4380471d6be50fda4ff00e0aa1f0c7e06d85eda26bb1eb7a9dbb30367a7310864cf08b20054f3c715f99bf1abf6e7f1dfc7cd57509df5dbcd27c36b3bc96d616cfe488509e10b2e37e070335f34cdadcfe32f19c92b487ec96726e4527ef37763ef9e6be6a864893bd41e22b53a8d3823ee4f889f1adbf6ee37de26bad1a3d0aead18dac16d1b077310e55d8ff78e4e7e95f34f8cbc13a9784efa45922999013f3e38ae9ff63ff882b67f1126d2669d993571b55c9c2a940491fad7ba78cbc216dabc1224f104e782c2b3c443d8d4e55b1eee09fb4a7667c7f1fc4ad57c25738b5b86213e6db9229751fda635c9206432cabe815ce0d7a7fc50f81d6c65927895231b71b957ad78b7887e1c4d6d20d8eb819ad69d58bdc1c26b4454b8f8bdabdd162b23efce49dc726b38eb575aacf9919e4673b8ae49c9f4ab1a6f82a79e723e670dd941cd7a9fc38f81caf24335d058a33838607268a9520b62a9d09b776657c29f8677de30d4e23e5ba4298dc7190b9afb0fe16f862dbc0fa74314289e6ed1927193c5711e0cd120d26d44761124201c3b01d6ba0f89fe3fb6f845f0fae35aba652c13642bbbe6766e07f3cd79bceeb4b951e838c68c39e4782fedc5f114f883e2dae991489341a6dbac2e777473f367f235e317fe248eca38ede6db8723200e829358d6eebc4fad5cdede38927b890c92393927d07e58ae5fc4375f68d699770644181835f5784a6e9d3513e371751d5aae48f4fd0f5e617ccacfe624b1f0c4e49c5775a2f8967b6d36348f55d4ed500e2382e19117e82be73b7f14de58c8ad1c8723e519f4ae86d7e216a6205ff48ffc74576a499cce325b1ebd1df5cdd4ab23ca6de14e1a187e58feb8f5ae0fe2278d56fe4fb242e0470b6f93fdac7ad67f897e2749a8e9d225bef890a9f9b7618fe15e72ba84e2da599e47737071c9c9adea4da7bdcca145df537bc5be37bbd474c8a0898c56d1f1853806aafc3ab969b55da5db2d9e33c1acabc1b74a8c16e339eb57fc00e20d66dc9c292e07d6b95ddbb9d0ec96877da7dccd657e2581de29addd5d5d4e1860e4f35f75f877c6961f10fc0161a8c463759a2467c7255b1d2be16ba468eec94046e6231eb5eb3fb30fc40bdd1354974c7324d64c0c8235e42741d2bcbccb0fcd0badcf4b29c4d9d99ee1ae5cc1341244761e31cd792f8dbc2304a0c91c50a904e7e5eb5ecda9fc3e93c51686e2c1ca9719c77ae0b5df853ae43388d95dd49e7e535f3d6ec7d4c52679e693a20d299492aaa7d062bb2f0ba49aa5ca471a1c0fe222b7b40f805a9eb92a89212a01eb83f9d7a3681f057fe11bb25548c4970060000e58fb544aedd96e57324ae72d36b1a7f803c3d2de5fdc25ba42370de3990fa0af92be327c61d4be31f8a4cf72e62b48c95b7b75625157b311eb8af4efdb4bc513dbebf6fa1c574ade445e65c6dc10a49fb87d08c7eb5e1f6767b8e4a92c79e95ef65b83508f3cb73e6b35c739be48ec40d1ff0067d9c8402c6304e2b988b4fb996da4b930b842d92715dddad919f2a5460fdecd5e834d55d09d1a3501c91c0af6d26fde3c3e751d133cadc866dca7a9effc356e5bb1090bb87415d6ff00c2b9b717309ce15dc647635cef8c347365e209e286dcf9684018e94ecc7ed06c91c978d0d9c6c1a59a41102074cf7abbad781162bc8acade66609cf1fad3bc23ff00235587fbe3f9d6f5a7fc8caff53fceb498aeca3acfc3682c742818bcbbd873c8ab5e0bf8776d0325d4a5db6025067a115d178b7fe40b6f4ef0a7fc780fa1a8424f72bea036c6ce0fceb8c5749f047c7507c37f893a76a9729e6daeef2ae63c6432371fcf15ceea1f726fad578ffe3d62fa8acebc1599785934d58fd51f00fc2db1f157866db55d1240d6d74a1d39e31dff005ad91f0785dcb89a3c11dc1acbfd80ff00e4d9fc33ff005ca4ff00d0dabd89ff00d757c6d48da7a773ee683f753f23cf93e1943a326154f1c100f5ae57e396b36ff04fe0feb9e2799510da4245a03cb3ccdf2a607a6e2335ec37ff00f1f4dfee1af987fe0aadff00242341ff00ae8dff00a305694209d6d4c711371a4ec7e77f89f58baf1bf892f353be726e6fe5334df5273814db2b2f9f27b1c8f61e95137fc7fc7fefb568e9dd1ffdeafae84128e87c556a8db2686c0345b989071521b22ba5a00723755997fe3dbf0a17fe416bf5ada2ef1398a9a940225887a3735c8788918eaf295076e78aec358ff571fd7fa572fac7fc8424a0b5b1ffd9, 'image/jpeg', 'lucknow'),
(2, 'alok', 0xffd8ffe000104a46494600010101006000600000ffdb0043000201010201010202020202020202030503030303030604040305070607070706070708090b0908080a0807070a0d0a0a0b0c0c0c0c07090e0f0d0c0e0b0c0c0cffdb004301020202030303060303060c0807080c0c0c0c0c0c0c0c0c0c0c0c0c0c0c0c0c0c0c0c0c0c0c0c0c0c0c0c0c0c0c0c0c0c0c0c0c0c0c0c0c0c0c0c0c0c0c0c0c0cffc00011080099007c03012200021101031101ffc4001f0000010501010101010100000000000000000102030405060708090a0bffc400b5100002010303020403050504040000017d01020300041105122131410613516107227114328191a1082342b1c11552d1f02433627282090a161718191a25262728292a3435363738393a434445464748494a535455565758595a636465666768696a737475767778797a838485868788898a92939495969798999aa2a3a4a5a6a7a8a9aab2b3b4b5b6b7b8b9bac2c3c4c5c6c7c8c9cad2d3d4d5d6d7d8d9dae1e2e3e4e5e6e7e8e9eaf1f2f3f4f5f6f7f8f9faffc4001f0100030101010101010101010000000000000102030405060708090a0bffc400b51100020102040403040705040400010277000102031104052131061241510761711322328108144291a1b1c109233352f0156272d10a162434e125f11718191a262728292a35363738393a434445464748494a535455565758595a636465666768696a737475767778797a82838485868788898a92939495969798999aa2a3a4a5a6a7a8a9aab2b3b4b5b6b7b8b9bac2c3c4c5c6c7c8c9cad2d3d4d5d6d7d8d9dae2e3e4e5e6e7e8e9eaf2f3f4f5f6f7f8f9faffda000c03010002110311003f00fbd7c377769a67892d5eef41d3f51d4356b3669527886e91c92bb6353cb3051bb8cf02ab786358f85fe16d2ed56f6f3c23e13fec3bf96ccc4ed1ac9a81c280cfc8c3027bd7e5de85fb5578efc417369abddf887538b59b6b8658ae5ae597eca4c646557a0c82467deb9abbd2b5bf89de2ff0ea5d78862b68a2b82d731dc49e79bc9382d2b337396fd6be456694ef64ac76aa5072b1fb541fc3ba25b697a8e97aaf86a4b90cf20fb34c911bb8d8e5779cf2718c1ae2be277ed076d6b7d25adfdcc16504ad8c29dea0633ce2bf3f7c23aeff00c23da8ea12ead71af4a3cafb35b856648fe4f957ca50707815d56b3a678827f87da65f235f5c5b5c36c32dc3179656dc4edc1ef8ede82a3da46751493b972c9e8c9f3b3e6fff0082c45d7da3e377c39f12d85eb4967f6c9e2b990c648821caf00753c135d225c5d2787164835db3ba86d6182fdee4afef1adc2642939e8aa402bed5e31ff050af0f5f681a943a94fac3de5ba3c922d9bb96f249232bcf4af96357f8f1ae6aba5cd1c5a95e5a5b2c7e5189262bb9318dbc7515ed7d5dd58244e949da07ba7c56f8abe1ff0009784350d3ac75db731dcca1a31e59654f98312c075e4573f27ed7896b6933cfe201ab4d3c11a3a8b7789485c951c9e80d7ccbe20d524d42ccc723333a0ddf31e40ff1aa5a24e1e36927f9a503e50e76e07618ef5a52cb6096a652933ec3f85ffb78eb565657ad73abde5d5c86f32dd25959d6d98f4dbe9b6ae58fc44baf174b7dac6a5344e651be7061321b9ddcb12dd8e7d6be368fc4b2413c6b0b08b72ed62a78c8af66f833f15ecefefb4dd2756d5134dd3dd95279df1b3ae327d70335c98ccbaeaf4c69396e7d653fc58d5b4df84da9092f6d668b51b78e16827c89234122b0382739e00fa56d787bc4facfc41b5b8b7b5861f0d9bab56113ac81bed2db4ec5c0c6083d09f5ae79bf67f6f17eb115b785f5db1f15e8f7acb12ea2d8540700fcdb738507bfb57a578c3f67ff001cfc17b9b4b4bdb282e2d081e55fe9e9e7c122af5647206411d0d78b2a9522b9247a74fe0b1e07f197e0bcdf103c1b2691af466c35d817f773c1729fe9ad8c6e94fb7b9ef4ef84dff04daf88bf0ff4dbab9d2350d3b5dd3acc0ba8e682f62009c0ca9f98e71d315e9be2bf034be2617b77e6956b0005cb95cb38719042ff00b2061bdebdf3f642f12df7c30f824be2bb5f1468ada5cb7ef04ba0dde9b0c935ec8536a919c95e70768e0e33de961f1339c9d3912a9fb497bc7c77e2ef847e357d75351d5f4ebc9649d23b856b9fdd2c08c7056246e76ae3231d6bb4d0ff0065df1af8934c8af20f0cea7730cc32929b466f307639afd1efd9d7fe09e5ac78d2eedfe24fc4fd556691194c5a1cb1623f2cf2370381181bbee818e2bea3d6bc51e0af01dcc7a60d16345b785368b5c79414a82318ac9e0b99ef61cf0905f01f2de8bfb02fc2f8275b6b6f064173a6ca774b24d732f9923fa70de9fcab3758ff0082757c27baf17068acef3429cb192dc58ceccce0f5cef24035ec7e0cf1969daa6a76fa8c379730db9076acca625279182addeaa78be379efe56b741379fb5f7c47fd5739c56ea1096ad1bcb0d153d0f9cbc75fb0adc685a82b7c3cd6a4bc96de52f25a6acd99011dd4818e3ebdebcb7e367c768fe07f875b42f14c8f1f88b4af9e48a120c899c918fe1e8735f787852288996e6232497502ed2ac382c471f5afc57ff82a1ea9a57853e396bf64daa6a3adf8b6fcab5e4f2ee55b61da350467a01ce7bd7a384c1c252e68a39a6a519596a7cfff00b4afed252fc70f165d4e2790da348df332e0cab9e0e3b1af27958ea5772425d52da34caf1f33574ba678452e747f337933331664c7de27fa566c5a2cb6fabb40b692c8d2fca3084b0fa57b529aa6acdd8ca34b9a5a6e673da456f18fb764c64e19d7f8fd0d5278a369d77fcc32515b07915ec9e0efd90bc5de378c35a6997c6d036493116615f41f80ff00e099dacc9a5a35fd8965995595dc2829f9d79d5b35a505a3b9eb61b25ab51eaac7c3fa77c24b9d66564b75926676c80b59baf783f53f0b5e4893c0e2356da463a62bf51bc31fb1258fc32b66732879300e7cb00a9faf6ae13e39feceda478974c9d3ca48ae1549570a32e715c1473e8ba9cb6d0f42af0e4a34ef73e7bfd80ff6b21fb32f8f2de3beb89934bbedf12295df10320da739e41e4d7ea66b7f1dfc1be0df8189e1eb38eeee2efc3ba70b8b772c5acecd5d709862773312b8239c715f8a9f183c077fe0e9e5b1b880244ac0a3e3073d8d7d2bf07ff6b197e32fec69a9f813534834fbef0d344a93c52ed9b538c950ab83ceef94e4fbf4af43174e9d48fb586c78518ca9cdd39a3e8ef809a5fc42fdb9f54f105f5bdc689a1e97a45a4d35adedda34715d4711db2afca0e5b701b7f1cd7d71ff000460fd89b5a8b5ed27e23789eca2bdb0d3de71080e1ad95b2c83e43c96e73f4af12f84e352f02fecd1e1df04e956b24715ad925da2c9308cdbb5c0f318b3701c65b903ad7dddf0cfe28ffc213f02ac3c2de1db95b56b1205dcd6c76859186e2081d0e0d79528479bda4558a74ef2b1ec7f1cbe2469ba7b26916f249777f77bb7a8c6c871d8e3f4af00d5bc6f616ba8cb1dedd4d15c46db4a8424003a76f4ae9b48b7857e78847348df3b48572eeedd4e7bd676afa7ccfa8484d9c13127ef18f24d73caa5cee5048e5bc1cd7f77a32c773a85a4f0bbfcaed1ae18fd7b1aea2d346bd179b2c9b76570630d9fa735e2fe079fc45a8e91f63ba7db34a36169000b04d9ced3b7fd9efea6bd3fe1ae957be19ba436b1476114d208ee4176777dbc8739270c49edc5670afcc8f5311818a5cd51d991f8f3c73a9782bc21abea09283a96896b34ef02200c4aa92322bf9fa1aaf893f6a5f8e177a9df5e4d79abea57726f96462c00524007e8062bfa0dfdb464ff008437f645f8abe2247921bb8fc2b7a6172aa417f2f8fc6bf08bfe09d36905e78c2ea77064982bba7b124127f326bd8a755d2c3ca678b4683ab888c1ec7a77877fe09a9e27d6aeada54d76d2cd582970724f3db15f5bfeceff00f04e1f0bf866ded6e75d58358d420504c9e5f04e7eb53f8335b64962624e50a9755ed5f46fc37d7ad2eace22c7692833915f255b32af36f9de87e8187caf0d4acd46e6b7857e12f86f43d200b5d2e0866438628bb437e029758f0a412a6238d1046318ed8aea6d250e8caa01c8cd66ea90c80862b80466b86536f7676c62a3a24791fc4af0badb5948e515805e73dabe62f8c36262ba9826000a597dce2bea7f8a1ab31827899b01948e95f3e7c49d2edeeec6491c9ddcfe82b3835cda1d135ee36cf8eff684f0441e22f06cef2428d799ddbc8c600ed5e2ff00f04f3b3d2ef7f6edf873a37886da4bcd0f59d7a1d32e6df795dc65708acdea0139afa7fe2e690b36953a306f2e4e481d4f15f25fc2068fc23fb5f7826e6791a386dfc4767333270eaa2753c7bd7dde455955a1283d91f9c712619c2ac6ac4fe9a3c6dfb0d7852d7568b45b4682da3e2da02e3242a8c2e39e401d05607897e17a7c37bf4d1619a1962b61ba69638c29b96fef39ee40c0e7d0576d67f1c0dde91a3b5abbdcc72dbc2d6fbd0167254639f7a76b93bf8b2f1aeaeedc6e45f922e801f53df35962348d91e6d0575cccf3f9f534f0dfd9a6795a38fa91dc81eddab40fc45d26701c349f30cfdcaf4cf0cf8634cfec4cea31453ea720dd1c847ca07a7a7156e2f04da88c7eeedce79e82b82306d5ce8550f05d0a382ed20921b18937365824796ddd3ad76f63e0e9a21f6896482dd9d416127de6c7a54de0cd60d8e80536430b81bd54018619f7e68f107c458b4f121b9b09a0858a832332b6ec9c023078ade8c22be12675a6f719f1c7c296df183f675f17f82e48addffe126d1a7d36391be6db23c640603f87ebcd7f39bfb2ec97df04bf686d4bc3dad5bcb6535a4b2dbcb1be632083f2f07d4006bfa18d4be26b4aa9e408963ddb42107231c0248afc48ff0082cef8097e0a7fc146ff00b7f4e85adac7c55670ea4ab9dc11bfd511e9c95cfe35e8420e74e54e6b466587ad28578c8fa83c0dabc57b650b09555c80725b38f635ed3f0d75a9eead55540766c2eef4fa57ccdf076cee355f0e5a4ae17ca9e35672dc10d8fe55ecbe00f1d58e87aa5ae9c752b74b9042ac7bb249ec2be2274672aae10573f4fa55a0a0b9da47d4de148eed2c55a61fbbc63dea7d55de70a801c8e073d6bc2bc47ff0517f879e069174bd47c496505ef568fcb760b8e3a80476aced47fe0a2fe04bff0006ea3796dadac86d392638598807a1c6334e585aeb4e513c4527af31e99f12bc376b63a54e65910ca537053ce3f1af987e23dfdae9fe60bd758a12e48e40c8af9bff0068aff8298f8abc65a43a786afaf06e97ca86582d818e6e4750c370e3dabc1751f1f78d7c6b1fdabc437fa8b02c5d6358f033dc371d3e95e9e1b266e37aaec7995b376a56a6ae7d61e2cbbd23c5d0325b5e5b964182a8e0b81ebf4af977c63f0360b5fda83c1ca354d3934db8d4ed9aeaea6902456a0cc33bcf2062b33e1e58dc78fbc58f611686671e5b090c733ab938e33f363ae2b9bb9f851a9f85e6b9f0aeb57026b8977c8c88e4bdbc83a2127b823b715ed659421467caa478399d59e228a5289fb65acfedafa1fc1ff1a7803c1725bbcf37894c5a4e93716d3871232ed45942e07c8782181e8457d11616faf6b1134d7175736f12b1cb952b24c471c9cf3ffd6afc7cfd8221bff8f1fb43f85fc59e28bb6fb3f8496d347d3a38ff00e58cd1058d33ee4479cd7ec2e91aa456177891e6d921c1c9f9871d7d2b78cdca4e1d4f2f30c3429420e1bd892fb4dd674dd24efd55ef2d67c6e4331046ee067ae315c1ea3e24d634bbd92de3d4ee024476809292a3e86bd8a1b6b1b7d291c991a36dbc1232ded5e33e2186d74cd7af63bfb8b9b798cceeb1a282021395edd718aea8c216b743c6a939dcd2f10ebda76b7a35acb05cea16f3c4770dd9815873d158645725797c75c46d42e64bc88c526c86d616263bcddc6587b75aea21f1d5af88fc45a9e937ba7cfe65b20912792dc08251c731bf71ce3f3a7fc42bad3f4cd2adeed634b65b38b3e60511a283c76ee2bc9a6e313d2926d1ca49e28f234e1159472e1e502e49f94285c8c28af91bf6f8f87fe19fdb0be1b5dc3aaa8d035cf04dd2485a221aea18b3c031e373a1df9c8e327dabebef0a5a69fe25bb31adec76e91ed95a190f33ab72594fa7afd6bc07f6e1f81177e225d7350f0a426e354d5b4f58a296d50ef3b1c332e472df2a9e0fd6b5ad5e714b919d79550a552ab8d65e87c83f0ffe2a49e3ef086b5a45c5f3691a7f85646b18e5b76297178918f9a4cf6e074c5792f8b2cf53f18f88d1fc272ea7f6c8dc0b69c4c6165ec1dc9ea4f51d2be8ef05feca29f1dae7c35a86937369a3491c687538d98c4b778e482070cc790735f52783bf629f0c34913456965e7c6150ac59dc48e3a579d571d4e93e6a71d4fa5a1974ab47966f43f3b3c17ff04e99fc5dab43fda3ab6a5a9dc4a0cb702d014087fde391d7bd7db5ff0004c1fd9674bf831e06f13c7aff008774fd5f50bed4dc5acf7b6e2593ece00d9b4f6ea6bea3d33e02e9ff000efc0334b6ba5c16b2152acef1ed90835ccfc138265b882c63495a47255148c1c0ef5e7d6cc6bd5d1b3d5a197d183d11f2d7c41fd91f43f03fc7abcd5ac613a6da6b0e5cdbc68a23b76c925d401d0e7f0c5773a5fec61a0f8a34852da96a33ab9dfe5ae18313dc71c5771fb5369763a2f89208f56d66c34d91cf970cef28547e7d4e338aeb3f660f8bba75ef865a157b1bff00b1b35b9b989548621880723e95cf3ad552576742a3494b43cbf4dfd98fc37f0c74b956c3c3a23bc653994c01657eff007b15f247ed0df09f4ab3b99b5bd4a0f275a3233908c36a0cf4f7afd1af8cfe2874d2e5b95daa546dda0e71f8d7e6efed1be239f5d9b525762e1242833e81ab6c04e72adcd739f31a74e3434397ff008277fc49bef0afed171f856ded05c597887c476778ec7ef406366031ec779afd9fd674f963b1873186cbe5b7719ebdebf19ff625f09f882f3f683b6d4fc35a36a5ab5ed8bc513bd9daf9d1da33302be61fe1270483ec6bf6cfc576b269cf044d1b2c72226f73f3468fb012327be6bea656ba923f3fc749c9a5d8e7759bf9608a101cedda172411b476c0feb5b56d69657d6b1497b13dc4e5002f8ce4638ed5ce5deebeb8653b9d90e140e73ec3e95d6584f15b58c28d036e5400f38ed5a7b4b9e6d4836ee8e3bc6f0bc1a9c22de510dac0c4cb6b10cb5e2ed38c93d30d83c11d2b96f1b784f52d47c0eb15c2895ae0afda98e418892385edc55c5f18c31df2dd5f3432c980b2b21c6d6cfa7ae2bd3358d4f4cf11784c94b85ba05515e25e4c40f1c8edf8d797ec1a677fb54cf9afc57a5cfa2e8635137b1469a5b0dd3bff00ae754e0280bc741e94cf157ed3c9a6d9685e1f71e578af57919b4a011421631b6edfe998c3fe95adf12be1bb58b5e66e2eedf4cd3376ad3b888c9e718f948b03aa904e47b0af8eb4ab34f1df8dae7e279d52f6fadb4491aced25b8b570b21009370a0f2aa0131e7a71d6bb29c138b4c8854f67353474df0aef9fe1c7c4cbdd25aea09239ae5a5b644520c0b9388db3fc43be38e6bed2f83fe35825d3a39308270a3cce3f222bf3ab5afda0749f8a3e2ab0d734a9d40b5610cd71229896e24cf291671bcae792b9ea2be8ef85bf177ec10c285f02650016241cd7cde618674e5767e8394e3a3523ca7d5fe3ef1a41a958086ee4096e172ffd0715f19f89fc25f123c47e2ebfbcd3bc73269ed6f238d2ada2893ece22c9c194ecddbb1e86bd17c7fe3858ee47da2e245b5da1ce09f9abc6fc5bfb4bf89aff0053974df09f87245821386b9b9cc464f7527191518487566f566e72b44e1752fd943c6ffb4378bedaf7e2e6b1a6eb963a00296567a649245148c7ab4c48073c0c60f6af5df03d8cdf033c351e93a15a5a59e9b1e57ca590b81939ea4935c8eafe04f897e3bd27ced4b528b43b331f9ae22942f9abd707e6e48af371f0da7b9f174691f8ab5d9d6d581915262b1cdd3e5c577d6b495a4b4443c1ce92e7bee7d0a7e20dd5ff0086eeadee994b46a7681c815f21fc4f65974ed5ae588090bb927be6bd93e28f89a2f00786a5712331f2c2ef2dd1bd2be45f8dff0015869be059d4b832de738dc7924f359e5f8672abee9e6e618b51a5691f6f7fc1bc9afe9d278d7e345d6a1a8a594508b14b6531b39964647231b41c74ef5fa31e209ef35648a5691ae60b8601b68f949e80e3ad7f3d9fb057edf7e31fd87fe21eabaff8605a5fdbeb68a97fa5de82d0de053c630400f8c804e71935fb09fb047fc164be097ed13a2dba7887c436bf0efc5f72ee64d2b559716c8a3fe9e182c7cf502bea6be1a495d23e1255f9a766cfa2a7f046afa0dda3d9416e64240f9ce4c44f7a5d42c35686e4ac920693037918c67bd75be1af1be89f10ee2593c3dabe8dad34e8a43585ec771b939c39da4e335a77ba5ba4db4daee655009db9e715e6b94a3a3468e29b3c1b5bf877169de2898cb696b710b90b188dc87031fc4318ebdf39ac88f50b4f813e3bfed9d704d6de1cba78aceee4672c903b36d8cb0ee0b3019ed5eb5e27d16d5653756fb2e37e010c4018af2ffdb5bc3d69e27fd95bc7314ed0ced168f35e2dba904bbc485d7eb822b6a75232b296ecca4a518ea7abf88e3b1bdb337e56d65d2e68bf76b1a07592223a8e30411d8d7e5eff00c1486c35df8c5f14e2f853f0b2fac7c2de1bd2e3136b775816a1a46cb18e3d8092986538e06ecf1deb27f636ff0082c0ddfeceff000aa1d0b5cb67f15e991db95b4b3f3996ead6739c28241c264fddc761cd719e17fd957c63f1d165f1278ab5bd5f45d5efef9aeae34fd2a3692558faa0699490bc6dc822bd2a786749be6f9183aaa5a23d67e1dfc01f03f857c19a5e9f7d68fae5ee83a70b5b5bb48bc98ede465dad3f960e19db8e4f3c0e6b99b0f1749e02d4db47d52deee0489c9b2bb910859973c727be319ad1f895fb6a783bf67bb18e1d5cc5a86a3a7dbac29a75b3ecb8b831f694e0ed63ea457c97fb6d7fc1557c6ffb699d0b4e96cb4ff0b7877c2b28934fb0b307cd18000f35c1c3b1c750077ae2ab97cf15a3d0f43059a7d5a7a1f76f86fe2ae9fe2bb7822bc1e604f959986777a56b6b7e12b8f112c6da6a1f35546c04e057e7dfc1ff00daf5b49d46d62d73fd1038ddb9f232beb8afbd3e087ed61e1bd4fc3319b5bbb6bc2304306c91c57ce6272eaf46568f43ecf099951aab9ef630fc73f0b7e347896de3b3b6bfd374bb11f2ef3897e5fc578e3d2ba0f87dfb28ea3e0bd145c6b3ac5bdede4837c93229033d7a575dadfed35a75cd82c93dd41115f946e7c002bc17f683fdbefc3be18b3b885359b6965505444936e6240f6e953c95eb350674d4c5429c2ee57471bfb71f8c2c3c1fa1cd6ecdbb6153c1c64fd2bf3cfe257c4093c5fa828fde2c31021416e31eb5d4fed23fb455ff00c6cf13cd70e1a3b618554c9c903eb57bf636fd9fae7e3b7c5eb485a169348d3e44b8bd7dbb805192a847fb4462bea30987a784a3ed27d0f8dc4e2258cadeca9753a9f811fb3bda693e0d8bc63e2f885c690917dad6c91d9659635cf718da4f18e6bc3e758aeee2563129532b3c6a7e6d8a58e073ed5f75ff00c141e493e0f7c0ed2e1b786dada3f11cad69648c303ecf18292e00eea768af8464905ae64910c4a06320d7a1965595783a92ebb1e4e6b4a146a2a703b4f04fed07e3cf85d70afe1ef19789b446450145a6a1242028e808538207a57b3786bfe0b1ff00b48785b4686c6dfe275db4300c299ed925908f766193f8d7cbad728f2f5c74c93c63df156a35322e711b7bb7535e83a34aa2e6923cdf6b522ec99fd40eabafd869da1c28b771debb9ecc31f4ce6bc63fe0a43e21fec7fd863e202e832db27886eac218ed1219737122b362458d7ab12a706bc0f4df84569e0a874ab0d4f5dd7f58d52dacfcbbbbbd3c992d4b34876caa71cb72abe98ed5c67ededf17be14fec55e0e1a05cbeb1e33f8cd3da8b8b7fb4cdbad74a2c7044db08048c1c019e4735e052c3a524a3ab47a13aba5a67ca3f0b7f675d1be09f87ecfc57f1425fb3493409796b621ca4acd8dc01e46588c71557e307fc1567c65ac5b4ba6f82257f0d5b4a023cea8a249c0e39e3ae00e73dabe79f8b1f1a3c49f1bfc4afab788b517bbba3f280a02c70a8e02a81d80007af15c85ede1593e4c95ce148525777d6bde746ef9ea6e70ba9afba68788fc4177afdedc6a17d757179a85d31796e2672ceec4f3926b3ed89684839ce7824e39feb5ebfe1ef877f09f4cf03dbc1e33f156b36de29d4e35920fecf406cb4e53dae372eeddd7ee66b92f8a9a27843c35abda5a783f5b9fc436d1463ed37ee856291b03840406e390723b568a69ab195db7767d15fb367eceda6fc7efd996d26d523861b98ee5edadefd46e961232de5b9e33dcf27a1af31f89df083c79fb2feb6d02dd5e2dacb978ee6d0bf9122e703d81f6af70ff008261f8ff00fe12ef867e31f87d0d96eb9d2e4ff84ae09c1f9a41f24063ebee4e315f4de8baac5ac6937161a8c36f716b38db2432a0248faf6fc2be331f8d786c5384d5d799f6d956169e2b0f6868d1f97bacfc5bf17eb11ecbaf105fc912f014395fd4571daacb2dec8ef2334b2939dee77367f1afbd3f683ff826ae9dacb2ea1e01960b27901696caea462a589ff966707f535e3ba37fc1373e256a9ad9b5fecdb1b31901a79660ca07af19ada86698592ba761d7cbb12fdd47cc96da1cb78fb0f98f23b00a402493d8015fa7bfb027ecd83e077c208d6fe4820d6fc5416f6eee7183616db41c3e7a141b89aa7f063fe09dbe1ef8266d759d49e5d5fc436edf29dc0dac648c65460127eb563f6f5fda123fd9c3e0a5f6871dccb6fe31f1b5a982d638d3260b36f964624f037a1603bf1dab8b13987f6856584c3edd59d74f06b2ec3bc556ddec7c6dff000500f8e4ff00193f683d52dacaf27bbf0d7875cd869a85b7459501659907402465dd91d735e35a6eb571a1eaf05dda1b669e06dc8b711acf18e3f895b208fad562a638f31162178f98f3f8d332110bb0e7d2bed70f4952a6a11e87c1d7a8eac9cd9ecfe1af8bf63fb46c51782fc6969e18d2f50bf748b49f124567169b0690f9e7cff2d40746c0059b3b4648a8bc47fb1fea3e15d6ae2c3fe132f87da80b762a2e6d754df0cc3b32b6de41af16542c8586083d8d4e8ea146f67ddec4e0552838eccc93bab33f607fe0a11ff056793f655f00cdf0a7e1bf8423f026acb832b4effbcb181be623680a5642d83927a1e95f9bde0ef821e31fda0dee7c5faadcc96da15c5c19353f11eaf304466272ec85c8f39f9ced539e47ad7acfed75f17b4bf13fedefe3af18f8e2ce0f17fd8ade39a2b4136c8753b8d888a0b0eca0eee873b715e07f11fe3ff8b3e3059c765acea6a34985cbc1a658c2b69650127a885004ddc0f9b19e056385a2e8ae58ee6d88aca676f17c18f841a4eb97b24ff174ea96ba605963861d0a685f536032d0ab1242f3c6e208ab979fb7cde5a788a29ecbe1c7c32834eb61e541a7c9a39689be5c09186ee5fbe7d6bc21d42cc0ec5230463773f5f63504e59e60410ae7904f38aea507f6f730724b62df8bb5997c4fe26bed46748a396fee1a7748d711a1273b547603b0a6dab848c610838edfceabdd47be4520103bfbd4f1b9f2fe5c003bd528a42bdcf56fd8d7f6949bf649fda1f41f1c4369fda0964ed6f7964cdb52e62954c7863d30a58363d457ebd587eceb67f1174c8751b613db437682ead2455f96785c655f3dc1e6bf0ca40244c676a31c96ef9fa7a57eb0ff00c11dbf6f44f8a5e04b7f86fe2fd72ded3c4be1e2b168d3dccca16facf68096e01c731ed273c9f9abe5f88f053ab4d5582d51f4dc3b992c3d5e57b33de747f80971a639b6ba13331e012bc01ec6ba6d2be093699b0a232ab0f9b03903fad7b1dc8b7be8a370155f9c467964fa8a2e756d3bc37a25cde6a7736b656d6b0b4b3dccce112245192c73d057e77eca4e7c891fa67b551873f43c1fe2ed9f87be07f80b51f1678aeea3d3b47d38060246082793f8501ee49ede95f8abfb54fed25acfed55f18f50f156a8a91472b18ac6d2324c7656e18948d47a0cd7b77fc1523fe0a2b7bfb63f8e8e87e1fb99ed7e1fe8e42c368fb4fdba652419980fa90393c006be4866f2e02c8c51c1c60f18fa7b57e8dc3f942c3d1e69fc4cfccf3fcdde2aaf2c5fba886e25579b6e5860f38a2770530a7229f6e81d896039a8e50a67db8c0f515f4dca7cd36124645ba80bd69888557ef8fc6ac4ea4a8c67005562ab93907349a11d46b9abcdae5c4935d3b4934a433c87ab718acc9612b328e8ac33572e7f87fdefe9556f3a4755102b48816e3009cd43e4e6ec1279a97fe5b35450ff00c7d53b5f502771e6395e463ad11e106ded4d9bfd73d4917fab14008c71d7ee8a96c356b8d175082f2ce77b4bcb690490cc84868c839045569bf87eb4f93ef7e544a9c651b3139b8ad0fd11f817ff0005c2ba93e1e6a9a5fc438756b4f105bdb2c7a6ebba1431991982e37dc2c876f503eeafad7cf1fb61fedebaafc7ad34e81a0dd6a306857124777a85e5db6dbcd66754c319029d8aa0b3050a0641e79af9da1e93ff00d74a6bff00ad8bfde35e5c32aa0aafb44b53d859ce25e1d516f419e76622c0147dd920e39a8118dcc997078a8ee3fd737fbd56adba7e55e93569591e54b4d10b1e115b1c0150c78926e72454aff71beb4961f79beb4b999287971b4ae0922a9332063956ce6afbf56aa2ff007cfd68e6607fffd9, 'image/jpeg', 'noida');

-- --------------------------------------------------------

--
-- Table structure for table `studentdata2`
--

CREATE TABLE `studentdata2` (
  `sid` int(10) UNSIGNED NOT NULL DEFAULT '0',
  `sname` varchar(45) NOT NULL,
  `address` varchar(50) NOT NULL,
  `image` varchar(100) DEFAULT NULL,
  `mimetype` varchar(45) NOT NULL
) ENGINE=MyISAM DEFAULT CHARSET=latin1;

-- --------------------------------------------------------

--
-- Table structure for table `test`
--

CREATE TABLE `test` (
  `idd` decimal(2,2) DEFAULT NULL,
  `name` varchar(10) DEFAULT NULL,
  `comm` decimal(2,2) DEFAULT NULL,
  `hiredate` date DEFAULT NULL
) ENGINE=MyISAM DEFAULT CHARSET=latin1;

--
-- Dumping data for table `test`
--

INSERT INTO `test` (`idd`, `name`, `comm`, `hiredate`) VALUES
('0.99', 'kuldeep', '0.99', '0000-00-00'),
('0.99', 'kuldeep', '0.02', '0000-00-00'),
('0.99', 'kuldeep', '0.99', '0000-00-00'),
('0.20', 'kuldeep', '0.99', '0000-00-00'),
('0.20', 'kuldeep', '0.99', '2015-12-19'),
('0.20', 'kuldeep', '0.99', '0000-00-00');

-- --------------------------------------------------------

--
-- Table structure for table `testing`
--

CREATE TABLE `testing` (
  `ID` int(7) NOT NULL,
  `NAME` varchar(6) NOT NULL,
  `COMM` decimal(2,2) NOT NULL,
  `HIREDATE` date NOT NULL
) ENGINE=InnoDB DEFAULT CHARSET=latin1;

-- --------------------------------------------------------

--
-- Table structure for table `useraccount`
--

CREATE TABLE `useraccount` (
  `LoginID` varchar(30) NOT NULL,
  `Balance` decimal(4,0) DEFAULT NULL
) ENGINE=InnoDB DEFAULT CHARSET=latin1;

--
-- Dumping data for table `useraccount`
--

INSERT INTO `useraccount` (`LoginID`, `Balance`) VALUES
('priyansh', '5001');

-- --------------------------------------------------------

--
-- Table structure for table `usermaster`
--

CREATE TABLE `usermaster` (
  `UserId` int(11) NOT NULL,
  `UserName` varchar(20) DEFAULT NULL,
  `Password` varchar(20) DEFAULT NULL,
  `FullName` varchar(20) DEFAULT NULL,
  `Email` varchar(20) DEFAULT NULL,
  `Mobile` int(11) DEFAULT NULL,
  `Address` varchar(100) DEFAULT NULL
) ENGINE=MyISAM DEFAULT CHARSET=latin1;

--
-- Dumping data for table `usermaster`
--

INSERT INTO `usermaster` (`UserId`, `UserName`, `Password`, `FullName`, `Email`, `Mobile`, `Address`) VALUES
(101, 'KULDEEP', 'kuldeep@123', 'KULDEEP SINGH GUSAIN', 'kuldeep@gmail.com', 2147483647, 'A hal colony lkp'),
(102, 'SANTOSH', 'santosh@123', 'SANTOSH KUMAR', 'santosh@123', 2147483647, 'sector -6 noida'),
(103, 'ROHAN', 'rohan@123', 'ROHAN KUMAR', 'rohan@gmail.com', 987654432, 'noida'),
(104, 'SMITH', 'smith@123', 'SMITH SINGH', 'smith@gmail.com', 2343567, 'kolkata');

-- --------------------------------------------------------

--
-- Table structure for table `usermaster2`
--

CREATE TABLE `usermaster2` (
  `UserId` int(11) NOT NULL,
  `UserName` varchar(20) DEFAULT NULL,
  `Password` varchar(20) DEFAULT NULL,
  `FullName` varchar(20) DEFAULT NULL,
  `Email` varchar(20) DEFAULT NULL,
  `Mobile` int(11) DEFAULT NULL,
  `Address` varchar(100) DEFAULT NULL
) ENGINE=MyISAM DEFAULT CHARSET=latin1;

--
-- Dumping data for table `usermaster2`
--

INSERT INTO `usermaster2` (`UserId`, `UserName`, `Password`, `FullName`, `Email`, `Mobile`, `Address`) VALUES
(101, 'kuldeep', 'kuldeep@123', 'kuldeep singh', 'kuldeep@123', 123, 'hal lko'),
(101, 'kuldeep', 'kuldeep@123', 'kuldeep singh', 'kuldeep@123', 123, 'hal lko'),
(101, 'kuldeep', 'kuldeep@123', 'kuldeep singh', 'kuldeep@123', 123, 'hal lko'),
(102, 'Rohan', 'rohan@123', 'Rohan Kumar', 'rohan@123', 23523, 'noida');

-- --------------------------------------------------------

--
-- Table structure for table `walldata`
--

CREATE TABLE `walldata` (
  `wallid` int(3) NOT NULL,
  `Name` varchar(40) DEFAULT NULL,
  `Resolution` varchar(12) DEFAULT NULL,
  `image` varchar(50) DEFAULT NULL,
  `size` varchar(10) DEFAULT NULL,
  `UploadedBy` varchar(40) DEFAULT NULL,
  `views` int(3) DEFAULT NULL
) ENGINE=InnoDB DEFAULT CHARSET=latin1;

--
-- Dumping data for table `walldata`
--

INSERT INTO `walldata` (`wallid`, `Name`, `Resolution`, `image`, `size`, `UploadedBy`, `views`) VALUES
(1, 'Steel Stripes', '2560 x 1440', './images/Wallpaper1.jpg', '865KB', 'admin', 2),
(5, 'Hillside Path', '1920 x 1080', './images/Wallpaper5.jpg', '537KB', 'admin', 1),
(7, 'Snowy Trees', '1920 x 1080', './images/Wallpaper7.jpg', '642KB', 'admin', 3),
(8, 'Explosion Ball', '1920 x 1080', './images/Wallpaper8.jpg', '123KB', 'admin', 1),
(9, 'Sunny Beach', '1920 x 1080', './images/Wallpaper9.jpg', '634KB', 'admin', 0),
(10, 'Moonlit Sky', '1920 x 1080', './images/Wallpaper10.jpg', '403KB', 'admin', 1),
(11, 'Wooden Walk', '1920 x 1080', './images/Wallpaper11.jpg', '433KB', 'admin', 0),
(12, 'Rain Forest', '2048 x 1152', './images/Wallpaper12.jpg', '666KB', 'admin', 0),
(13, 'Urban Dusk', '1920 x 1080', './images/Wallpaper13.jpg', '288KB', 'admin', 0),
(14, 'Autumn Forest', '1920 x 1080', './images/Wallpaper14.jpg', '614KB', 'admin', 0),
(15, 'Mountain View', '1920 x 1080', './images/Wallpaper15.jpg', '594KB', 'admin', 0),
(16, 'Red Sunset', '1920 x 1080', './images/Wallpaper16.jpg', '221KB', 'admin', 0),
(17, 'World Tea', '1920 x 1080', './images/Wallpaper17.jpg', '674KB', 'admin', 0),
(18, 'Sunset Sea', '1920 x 1080', './images/Wallpaper18.jpg', '295KB', 'admin', 0),
(20, 'Rainbow Spiral', '1920 x 1080', './images/Wallpaper20.jpg', '668KB', 'username', 1),
(21, 'Sun Through Forest', '1920', './images/Wallpaper21.jpg', '1066KB', 'Brad', 0),
(22, 'DNA', '1920 x 1080', './images/Wallpaper22.jpg', '339KB', 'admin', 0);

-- --------------------------------------------------------

--
-- Table structure for table `wtp1415`
--

CREATE TABLE `wtp1415` (
  `id` int(11) DEFAULT NULL,
  `name` varchar(10) DEFAULT NULL,
  `hiredate` date DEFAULT NULL,
  `salary` int(6) DEFAULT NULL
) ENGINE=MyISAM DEFAULT CHARSET=latin1;

--
-- Dumping data for table `wtp1415`
--

INSERT INTO `wtp1415` (`id`, `name`, `hiredate`, `salary`) VALUES
(1, 'SMITH', '2015-03-24', 3000),
(2, 'BLAKE', '1212-12-12', 2000);

--
-- Indexes for dumped tables
--

--
-- Indexes for table `countries`
--
ALTER TABLE `countries`
  ADD PRIMARY KEY (`country_id`),
  ADD KEY `countr_reg_fk` (`region_id`);

--
-- Indexes for table `departments`
--
ALTER TABLE `departments`
  ADD PRIMARY KEY (`department_id`),
  ADD KEY `dept_location_ix` (`location_id`),
  ADD KEY `dept_mgr_fk` (`manager_id`);

--
-- Indexes for table `employees`
--
ALTER TABLE `employees`
  ADD PRIMARY KEY (`employee_id`),
  ADD UNIQUE KEY `emp_email_uk` (`email`),
  ADD KEY `emp_department_ix` (`department_id`),
  ADD KEY `emp_job_ix` (`job_id`),
  ADD KEY `emp_manager_ix` (`manager_id`),
  ADD KEY `emp_name_ix` (`last_name`,`first_name`),
  ADD KEY `emp_job_fk` (`job_id`);

--
-- Indexes for table `jobs`
--
ALTER TABLE `jobs`
  ADD PRIMARY KEY (`job_id`);

--
-- Indexes for table `job_history`
--
ALTER TABLE `job_history`
  ADD PRIMARY KEY (`employee_id`,`start_date`),
  ADD KEY `jhist_department_ix` (`department_id`),
  ADD KEY `jhist_employee_ix` (`employee_id`),
  ADD KEY `jhist_job_ix` (`job_id`),
  ADD KEY `jhist_job_fk` (`job_id`);

--
-- Indexes for table `locations`
--
ALTER TABLE `locations`
  ADD PRIMARY KEY (`location_id`),
  ADD KEY `loc_city_ix` (`city`),
  ADD KEY `loc_country_ix` (`country_id`),
  ADD KEY `loc_state_province_ix` (`state_province`),
  ADD KEY `loc_c_id_fk` (`country_id`);

--
-- Indexes for table `loginmaster`
--
ALTER TABLE `loginmaster`
  ADD PRIMARY KEY (`LoginID`);

--
-- Indexes for table `regions`
--
ALTER TABLE `regions`
  ADD PRIMARY KEY (`region_id`);

--
-- Indexes for table `salgrade`
--
ALTER TABLE `salgrade`
  ADD PRIMARY KEY (`grade`);

--
-- Indexes for table `stockmaster`
--
ALTER TABLE `stockmaster`
  ADD PRIMARY KEY (`StockID`);

--
-- Indexes for table `studentdata`
--
ALTER TABLE `studentdata`
  ADD PRIMARY KEY (`sid`);

--
-- Indexes for table `useraccount`
--
ALTER TABLE `useraccount`
  ADD PRIMARY KEY (`LoginID`);

--
-- Indexes for table `usermaster`
--
ALTER TABLE `usermaster`
  ADD PRIMARY KEY (`UserId`),
  ADD UNIQUE KEY `Email` (`Email`);

--
-- Indexes for table `walldata`
--
ALTER TABLE `walldata`
  ADD PRIMARY KEY (`wallid`);

--
-- AUTO_INCREMENT for dumped tables
--

--
-- AUTO_INCREMENT for table `studentdata`
--
ALTER TABLE `studentdata`
  MODIFY `sid` int(10) UNSIGNED NOT NULL AUTO_INCREMENT, AUTO_INCREMENT=3;
--
-- Constraints for dumped tables
--

--
-- Constraints for table `countries`
--
ALTER TABLE `countries`
  ADD CONSTRAINT `countr_reg_fk` FOREIGN KEY (`region_id`) REFERENCES `regions` (`region_id`) ON DELETE NO ACTION ON UPDATE NO ACTION;

--
-- Constraints for table `departments`
--
ALTER TABLE `departments`
  ADD CONSTRAINT `dept_loc_fk` FOREIGN KEY (`location_id`) REFERENCES `locations` (`location_id`) ON DELETE NO ACTION ON UPDATE NO ACTION,
  ADD CONSTRAINT `dept_mgr_fk` FOREIGN KEY (`manager_id`) REFERENCES `employees` (`employee_id`) ON DELETE NO ACTION ON UPDATE NO ACTION;

--
-- Constraints for table `employees`
--
ALTER TABLE `employees`
  ADD CONSTRAINT `emp_dept_fk` FOREIGN KEY (`department_id`) REFERENCES `departments` (`department_id`) ON DELETE NO ACTION ON UPDATE NO ACTION,
  ADD CONSTRAINT `emp_job_fk` FOREIGN KEY (`job_id`) REFERENCES `jobs` (`job_id`) ON DELETE NO ACTION ON UPDATE NO ACTION,
  ADD CONSTRAINT `emp_manager_fk` FOREIGN KEY (`manager_id`) REFERENCES `employees` (`employee_id`) ON DELETE NO ACTION ON UPDATE NO ACTION;

--
-- Constraints for table `job_history`
--
ALTER TABLE `job_history`
  ADD CONSTRAINT `jhist_dept_fk` FOREIGN KEY (`department_id`) REFERENCES `departments` (`department_id`) ON DELETE NO ACTION ON UPDATE NO ACTION,
  ADD CONSTRAINT `jhist_emp_fk` FOREIGN KEY (`employee_id`) REFERENCES `employees` (`employee_id`) ON DELETE NO ACTION ON UPDATE NO ACTION,
  ADD CONSTRAINT `jhist_job_fk` FOREIGN KEY (`job_id`) REFERENCES `jobs` (`job_id`) ON DELETE NO ACTION ON UPDATE NO ACTION;

--
-- Constraints for table `locations`
--
ALTER TABLE `locations`
  ADD CONSTRAINT `loc_c_id_fk` FOREIGN KEY (`country_id`) REFERENCES `countries` (`country_id`) ON DELETE NO ACTION ON UPDATE NO ACTION;

/*!40101 SET CHARACTER_SET_CLIENT=@OLD_CHARACTER_SET_CLIENT */;
/*!40101 SET CHARACTER_SET_RESULTS=@OLD_CHARACTER_SET_RESULTS */;
/*!40101 SET COLLATION_CONNECTION=@OLD_COLLATION_CONNECTION */;
